date,index,action,isin,ticker,name
2010-03-30,코스닥 150,ADD,KR7034940007,034940,조아제약
2010-03-30,코스닥 150,REMOVE,KR7089240006,089240,네오세미테크
2010-04-29,코스닥 150,ADD,KR7040420002,040420,정상제이엘에스
2010-06-11,코스닥 150,ADD,KR7016170003,016170,로엔
2010-06-11,코스닥 150,ADD,KR7029480001,029480,케이디씨
2010-06-11,코스닥 150,ADD,KR7030530000,030530,아토
2010-06-11,코스닥 150,ADD,KR7036540003,036540,STS반도체
2010-06-11,코스닥 150,ADD,KR7036710002,036710,심텍
2010-06-11,코스닥 150,ADD,KR7037370004,037370,EG
2010-06-11,코스닥 150,ADD,KR7039560008,039560,다산네트웍스
2010-06-11,코스닥 150,ADD,KR7043650001,043650,국순당
2010-06-11,코스닥 150,ADD,KR7043890003,043890,한빛방송
2010-06-11,코스닥 150,ADD,KR7052270006,052270,우전앤한단
2010-06-11,코스닥 150,ADD,KR7052860004,052860,아이앤씨
2010-06-11,코스닥 150,ADD,KR7062860002,062860,티엘아이
2010-06-11,코스닥 150,ADD,KR7063080006,063080,게임빌
2010-06-11,코스닥 150,ADD,KR7078070000,078070,유비쿼스
2010-06-11,코스닥 150,ADD,KR7078340007,078340,컴투스
2010-06-11,코스닥 150,ADD,KR7087220000,087220,스틸플라워
2010-06-11,코스닥 150,ADD,KR7099220006,099220,SDN
2010-06-11,코스닥 150,ADD,KR7100130004,100130,동국S&C
2010-06-11,코스닥 150,ADD,KR7101730000,101730,조이맥스
2010-06-11,코스닥 150,ADD,KR7110310000,110310,모린스
2010-06-11,코스닥 150,REMOVE,KR7010670008,010670,나노트로닉스
2010-06-11,코스닥 150,REMOVE,KR7011040003,011040,경동제약
2010-06-11,코스닥 150,REMOVE,KR7012650008,012650,쌍용건설
2010-06-11,코스닥 150,REMOVE,KR7017890005,017890,한국알콜
2010-06-11,코스닥 150,REMOVE,KR7028080000,028080,휴맥스홀딩스
2010-06-11,코스닥 150,REMOVE,KR7034940007,034940,조아제약
2010-06-11,코스닥 150,REMOVE,KR7039230008,039230,TSC 멤시스
2010-06-11,코스닥 150,REMOVE,KR7040740003,040740,아인스M&M
2010-06-11,코스닥 150,REMOVE,KR7043150002,043150,바텍
2010-06-11,코스닥 150,REMOVE,KR7052330008,052330,코텍
2010-06-11,코스닥 150,REMOVE,KR7052770005,052770,와이디온라인
2010-06-11,코스닥 150,REMOVE,KR7065130007,065130,탑엔지니어링
2010-06-11,코스닥 150,REMOVE,KR7065690000,065690,대진디엠피
2010-06-11,코스닥 150,REMOVE,KR7066700006,066700,테라젠
2010-06-11,코스닥 150,REMOVE,KR7067290007,067290,중외신약
2010-06-11,코스닥 150,REMOVE,KR7072020001,072020,중앙백신
2010-06-11,코스닥 150,REMOVE,KR7082270000,082270,젬백스
2010-06-11,코스닥 150,REMOVE,KR7083790006,083790,크리스탈
2010-06-11,코스닥 150,REMOVE,KR7086450004,086450,동국제약
2010-06-11,코스닥 150,REMOVE,KR7093920007,093920,서원인텍
2010-06-18,코스닥 150,ADD,KR7031980006,031980,피에스케이
2010-06-18,코스닥 150,REMOVE,KR7066930009,066930,에스디
2010-12-10,코스닥 150,ADD,KR7006910004,006910,보성파워텍
2010-12-10,코스닥 150,ADD,KR7012650008,012650,쌍용건설
2010-12-10,코스닥 150,ADD,KR7036210003,036210,태산엘시디
2010-12-10,코스닥 150,ADD,KR7038880001,038880,씨앤에스
2010-12-10,코스닥 150,ADD,KR7041140005,041140,게임하이
2010-12-10,코스닥 150,ADD,KR7041510009,041510,에스엠
2010-12-10,코스닥 150,ADD,KR7043370006,043370,평화정공
2010-12-10,코스닥 150,ADD,KR7050470004,050470,CT&T
2010-12-10,코스닥 150,ADD,KR7051370005,051370,인터플렉스
2010-12-10,코스닥 150,ADD,KR7051820009,051820,아이피에스
2010-12-10,코스닥 150,ADD,KR7078160009,078160,메디포스트
2010-12-10,코스닥 150,ADD,KR7080000003,080000,에스엔유
2010-12-10,코스닥 150,ADD,KR7082270000,082270,젬백스
2010-12-10,코스닥 150,ADD,KR7084370006,084370,유진테크
2010-12-10,코스닥 150,ADD,KR7096640008,096640,멜파스
2010-12-10,코스닥 150,ADD,KR7112040001,112040,위메이드
2010-12-10,코스닥 150,ADD,KR7115160004,115160,휴맥스
2010-12-10,코스닥 150,REMOVE,KR7016170003,016170,로엔
2010-12-10,코스닥 150,REMOVE,KR7026150003,026150,특수건설
2010-12-10,코스닥 150,REMOVE,KR7033160003,033160,엠케이전자
2010-12-10,코스닥 150,REMOVE,KR7034600007,034600,글로웍스
2010-12-10,코스닥 150,REMOVE,KR7040160004,040160,누리텔레콤
2010-12-10,코스닥 150,REMOVE,KR7040300006,040300,YTN
2010-12-10,코스닥 150,REMOVE,KR7042420000,042420,네오위즈
2010-12-10,코스닥 150,REMOVE,KR7043890003,043890,한빛방송
2010-12-10,코스닥 150,REMOVE,KR7052270006,052270,우전앤한단
2010-12-10,코스닥 150,REMOVE,KR7052790003,052790,액토즈소프트
2010-12-10,코스닥 150,REMOVE,KR7053030003,053030,바이넥스
2010-12-10,코스닥 150,REMOVE,KR7054450002,054450,텔레칩스
2010-12-10,코스닥 150,REMOVE,KR7054940002,054940,엑사이엔씨
2010-12-10,코스닥 150,REMOVE,KR7058630005,058630,엠게임
2010-12-10,코스닥 150,REMOVE,KR7066340001,066340,케이에스알
2010-12-10,코스닥 150,REMOVE,KR7084990001,084990,바이로메드
2010-12-10,코스닥 150,REMOVE,KR7101730000,101730,조이맥스
2010-12-29,코스닥 150,ADD,KR7036000008,036000,예림당
2010-12-29,코스닥 150,ADD,KR7067160002,067160,나우콤
2010-12-29,코스닥 150,REMOVE,KR7051820009,051820,아이피에스
2010-12-29,코스닥 150,REMOVE,KR7084450006,084450,세실
2011-03-21,코스닥 150,ADD,KR7079950002,079950,LIG에이디피
2011-03-21,코스닥 150,REMOVE,KR7037150000,037150,CJ인터넷
2011-03-25,코스닥 150,ADD,KR7036890002,036890,진성티이씨
2011-03-25,코스닥 150,REMOVE,KR7089480008,089480,평산
2011-03-29,코스닥 150,ADD,KR7032500001,032500,케이엠더블유
2011-03-29,코스닥 150,ADD,KR7054620000,054620,AP시스템
2011-03-29,코스닥 150,REMOVE,KR7032290009,032290,알티전자
2011-03-29,코스닥 150,REMOVE,KR7050470004,050470,CT&T
2011-04-01,코스닥 150,ADD,KR7080520000,080520,오디텍
2011-04-01,코스닥 150,REMOVE,KR7049690001,049690,포휴먼
2011-04-08,코스닥 150,ADD,KR7101390003,101390,아이엠
2011-04-08,코스닥 150,REMOVE,KR7060750007,060750,제이콤
2011-06-10,코스닥 150,ADD,KR7009520008,009520,포스코엠텍
2011-06-10,코스닥 150,ADD,KR7016170003,016170,로엔
2011-06-10,코스닥 150,ADD,KR7016250003,016250,이테크건설
2011-06-10,코스닥 150,ADD,KR7066700006,066700,테라젠이텍스
2011-06-10,코스닥 150,ADD,KR7067000000,067000,JCE
2011-06-10,코스닥 150,ADD,KR7067310003,067310,하나마이크론
2011-06-10,코스닥 150,ADD,KR7073110009,073110,엘엠에스
2011-06-10,코스닥 150,ADD,KR7078520004,078520,에이블씨엔씨
2011-06-10,코스닥 150,ADD,KR7096530001,096530,씨젠
2011-06-10,코스닥 150,ADD,KR7108230004,108230,톱텍
2011-06-10,코스닥 150,ADD,KR7108320003,108320,실리콘웍스
2011-06-10,코스닥 150,ADD,KR7114120009,114120,크루셜텍
2011-06-10,코스닥 150,ADD,KR7130960008,130960,CJ E&M
2011-06-10,코스닥 150,REMOVE,KR7022520001,022520,코오롱아이넷
2011-06-10,코스닥 150,REMOVE,KR7025900002,025900,동화홀딩스
2011-06-10,코스닥 150,REMOVE,KR7032500001,032500,케이엠더블유
2011-06-10,코스닥 150,REMOVE,KR7033050006,033050,제이엠아이
2011-06-10,코스닥 150,REMOVE,KR7045100005,045100,한양이엔지
2011-06-10,코스닥 150,REMOVE,KR7052860004,052860,아이앤씨
2011-06-10,코스닥 150,REMOVE,KR7054050000,054050,농우바이오
2011-06-10,코스닥 150,REMOVE,KR7054340005,054340,피앤텔
2011-06-10,코스닥 150,REMOVE,KR7054540000,054540,삼영엠텍
2011-06-10,코스닥 150,REMOVE,KR7062860002,062860,티엘아이
2011-06-10,코스닥 150,REMOVE,KR7067160002,067160,나우콤
2011-06-10,코스닥 150,REMOVE,KR7101390003,101390,아이엠
2011-06-10,코스닥 150,REMOVE,KR7110310000,110310,모린스
2011-08-22,코스닥 150,ADD,KR7043150002,043150,바텍
2011-09-07,코스닥 150,ADD,KR7067290007,067290,JW중외신약
2011-11-01,코스닥 150,ADD,KR7013990007,013990,아가방컴퍼니
2011-12-09,코스닥 150,ADD,KR7014190003,014190,후너스
2011-12-09,코스닥 150,ADD,KR7019210004,019210,와이지-원
2011-12-09,코스닥 150,ADD,KR7033170002,033170,시그네틱스
2011-12-09,코스닥 150,ADD,KR7036420008,036420,제이콘텐트리
2011-12-09,코스닥 150,ADD,KR7042420000,042420,네오위즈
2011-12-09,코스닥 150,ADD,KR7043890003,043890,한빛방송
2011-12-09,코스닥 150,ADD,KR7051500007,051500,CJ프레시웨이
2011-12-09,코스닥 150,ADD,KR7058470006,058470,리노공업
2011-12-09,코스닥 150,ADD,KR7060310000,060310,3S
2011-12-09,코스닥 150,ADD,KR7067990002,067990,도이치모터스
2011-12-09,코스닥 150,ADD,KR7071200000,071200,인피니트헬스케어
2011-12-09,코스닥 150,ADD,KR7098460009,098460,고영
2011-12-09,코스닥 150,ADD,KR7100700004,100700,세운메디칼
2011-12-09,코스닥 150,ADD,KR7104480009,104480,티케이케미칼
2011-12-09,코스닥 150,ADD,KR7126880004,126880,제이엔케이히터
2011-12-09,코스닥 150,ADD,KR7136480001,136480,하림
2011-12-09,코스닥 150,REMOVE,KR7005990007,005990,매일유업
2011-12-09,코스닥 150,REMOVE,KR7006910004,006910,보성파워텍
2011-12-09,코스닥 150,REMOVE,KR7018120006,018120,진로발효
2011-12-09,코스닥 150,REMOVE,KR7031980006,031980,피에스케이
2011-12-09,코스닥 150,REMOVE,KR7036000008,036000,예림당
2011-12-09,코스닥 150,REMOVE,KR7045890001,045890,동부라이텍
2011-12-09,코스닥 150,REMOVE,KR7050050004,050050,유아이에너지
2011-12-09,코스닥 150,REMOVE,KR7054670005,054670,대한뉴팜
2011-12-09,코스닥 150,REMOVE,KR7065160004,065160,에프티이앤이
2011-12-09,코스닥 150,REMOVE,KR7078070000,078070,유비쿼스
2011-12-09,코스닥 150,REMOVE,KR7079950002,079950,LIG에이디피
2011-12-09,코스닥 150,REMOVE,KR7080520000,080520,오디텍
2011-12-09,코스닥 150,REMOVE,KR7086890001,086890,이수앱지스
2011-12-09,코스닥 150,REMOVE,KR7088700000,088700,마이스코
2011-12-09,코스닥 150,REMOVE,KR7089230007,089230,용현BM
2011-12-09,코스닥 150,REMOVE,KR7095910006,095910,에스에너지
2011-12-13,코스닥 150,ADD,KR7029960002,029960,코엔텍
2011-12-13,코스닥 150,REMOVE,KR7099660003,099660,신텍
2012-03-28,코스닥 150,ADD,KR7052260007,052260,바이오랜드
2012-03-28,코스닥 150,REMOVE,KR7039530001,039530,씨앤케이인터
2012-06-15,코스닥 150,ADD,KR7011370004,011370,서한
2012-06-15,코스닥 150,ADD,KR7030520001,030520,한글과컴퓨터
2012-06-15,코스닥 150,ADD,KR7040350001,040350,큐로컴
2012-06-15,코스닥 150,ADD,KR7040910002,040910,아이씨디
2012-06-15,코스닥 150,ADD,KR7049550007,049550,잉크테크
2012-06-15,코스닥 150,ADD,KR7084990001,084990,바이로메드
2012-06-15,코스닥 150,ADD,KR7121440002,121440,골프존
2012-06-15,코스닥 150,ADD,KR7121600001,121600,나노신소재
2012-06-15,코스닥 150,ADD,KR7123100000,123100,테라세미콘
2012-06-15,코스닥 150,REMOVE,KR7016250003,016250,이테크건설
2012-06-15,코스닥 150,REMOVE,KR7036210003,036210,태산엘시디
2012-06-15,코스닥 150,REMOVE,KR7037440005,037440,희림
2012-06-15,코스닥 150,REMOVE,KR7043890003,043890,한빛방송
2012-06-15,코스닥 150,REMOVE,KR7046210001,046210,파나진
2012-06-15,코스닥 150,REMOVE,KR7051500007,051500,CJ프레시웨이
2012-06-15,코스닥 150,REMOVE,KR7054800008,054800,아이디스홀딩스
2012-06-15,코스닥 150,REMOVE,KR7056700008,056700,신화인터텍
2012-06-15,코스닥 150,REMOVE,KR7094820008,094820,일진에너지
2012-09-24,코스닥 150,ADD,KR7035810001,035810,이지바이오
2012-09-24,코스닥 150,REMOVE,KR7071660005,071660,SSCP
2012-11-01,코스닥 150,ADD,KR7003100005,003100,선광
2012-12-14,코스닥 150,ADD,KR7005990007,005990,매일유업
2012-12-14,코스닥 150,ADD,KR7027580000,027580,상보
2012-12-14,코스닥 150,ADD,KR7035600006,035600,KG이니시스
2012-12-14,코스닥 150,ADD,KR7039840004,039840,디오
2012-12-14,코스닥 150,ADD,KR7051500007,051500,CJ프레시웨이
2012-12-14,코스닥 150,ADD,KR7052790003,052790,액토즈소프트
2012-12-14,코스닥 150,ADD,KR7060590007,060590,씨티씨바이오
2012-12-14,코스닥 150,ADD,KR7065620007,065620,샤인
2012-12-14,코스닥 150,ADD,KR7097780001,097780,에스맥
2012-12-14,코스닥 150,ADD,KR7099660003,099660,신텍
2012-12-14,코스닥 150,ADD,KR7104830005,104830,원익머트리얼즈
2012-12-14,코스닥 150,ADD,KR7122870009,122870,와이지엔터테인먼트
2012-12-14,코스닥 150,ADD,KR7123260002,123260,사파이어테크놀로지
2012-12-14,코스닥 150,ADD,KR7143240000,143240,사람인에이치알
2012-12-14,코스닥 150,REMOVE,KR7024660003,024660,하림홀딩스
2012-12-14,코스닥 150,REMOVE,KR7029480001,029480,케이디씨
2012-12-14,코스닥 150,REMOVE,KR7038880001,038880,씨앤에스
2012-12-14,코스닥 150,REMOVE,KR7039560008,039560,다산네트웍스
2012-12-14,코스닥 150,REMOVE,KR7043650001,043650,국순당
2012-12-14,코스닥 150,REMOVE,KR7060280005,060280,큐렉소
2012-12-14,코스닥 150,REMOVE,KR7066970005,066970,엘앤에프
2012-12-14,코스닥 150,REMOVE,KR7067990002,067990,도이치모터스
2012-12-14,코스닥 150,REMOVE,KR7068790005,068790,DMS
2012-12-14,코스닥 150,REMOVE,KR7071670004,071670,에이테크솔루션
2012-12-14,코스닥 150,REMOVE,KR7086520004,086520,에코프로
2012-12-14,코스닥 150,REMOVE,KR7099220006,099220,SDN
2012-12-14,코스닥 150,REMOVE,KR7121600001,121600,나노신소재
2012-12-14,코스닥 150,REMOVE,KR7136480001,136480,하림
2013-03-27,코스닥 150,ADD,KR7038390001,038390,레드캡투어
2013-03-27,코스닥 150,REMOVE,KR7012650008,012650,쌍용건설
2013-06-14,코스닥 150,ADD,KR7024880007,024880,케이피에프
2013-06-14,코스닥 150,ADD,KR7031390008,031390,녹십자셀
2013-06-14,코스닥 150,ADD,KR7033500000,033500,동성화인텍
2013-06-14,코스닥 150,ADD,KR7039530001,039530,씨앤케이인터
2013-06-14,코스닥 150,ADD,KR7046440004,046440,KG모빌리언스
2013-06-14,코스닥 150,ADD,KR7054050000,054050,농우바이오
2013-06-14,코스닥 150,ADD,KR7061040002,061040,알에프텍
2013-06-14,코스닥 150,ADD,KR7065160004,065160,에프티이앤이
2013-06-14,코스닥 150,ADD,KR7065270001,065270,플렉스컴
2013-06-14,코스닥 150,ADD,KR7082210006,082210,옵트론텍
2013-06-14,코스닥 150,ADD,KR7086450004,086450,동국제약
2013-06-14,코스닥 150,REMOVE,KR7014190003,014190,후너스
2013-06-14,코스닥 150,REMOVE,KR7021320007,021320,KCC건설
2013-06-14,코스닥 150,REMOVE,KR7040420002,040420,정상제이엘에스
2013-06-14,코스닥 150,REMOVE,KR7045390002,045390,대아티아이
2013-06-14,코스닥 150,REMOVE,KR7052420007,052420,오성엘에스티
2013-06-14,코스닥 150,REMOVE,KR7060150000,060150,인선이엔티
2013-06-14,코스닥 150,REMOVE,KR7061460002,061460,한진피앤씨
2013-06-14,코스닥 150,REMOVE,KR7064760002,064760,티씨케이
2013-06-14,코스닥 150,REMOVE,KR7074430000,074430,아미노로직스
2013-06-14,코스닥 150,REMOVE,KR7101680007,101680,한국정밀기계
2013-06-14,코스닥 150,REMOVE,KR7126880004,126880,제이엔케이히터
2013-10-08,코스닥 150,ADD,KR7036500007,036500,유원컴텍
2013-10-08,코스닥 150,REMOVE,KR7038500005,038500,동양시멘트
2013-12-13,코스닥 150,ADD,KR7024660003,024660,하림홀딩스
2013-12-13,코스닥 150,ADD,KR7032500001,032500,케이엠더블유
2013-12-13,코스닥 150,ADD,KR7036190007,036190,금화피에스시
2013-12-13,코스닥 150,ADD,KR7040610008,040610,SG&G
2013-12-13,코스닥 150,ADD,KR7052270006,052270,우전앤한단
2013-12-13,코스닥 150,ADD,KR7052400009,052400,코나아이
2013-12-13,코스닥 150,ADD,KR7079960001,079960,동양이엔피
2013-12-13,코스닥 150,ADD,KR7084110006,084110,휴온스
2013-12-13,코스닥 150,ADD,KR7086980000,086980,미디어플렉스
2013-12-13,코스닥 150,ADD,KR7088390000,088390,이녹스
2013-12-13,코스닥 150,ADD,KR7099190001,099190,아이센스
2013-12-13,코스닥 150,ADD,KR7101730000,101730,조이맥스
2013-12-13,코스닥 150,ADD,KR7101970002,101970,우양에이치씨
2013-12-13,코스닥 150,REMOVE,KR7024880007,024880,케이피에프
2013-12-13,코스닥 150,REMOVE,KR7029960002,029960,코엔텍
2013-12-13,코스닥 150,REMOVE,KR7038390001,038390,레드캡투어
2013-12-13,코스닥 150,REMOVE,KR7039840004,039840,디오
2013-12-13,코스닥 150,REMOVE,KR7040350001,040350,큐로컴
2013-12-13,코스닥 150,REMOVE,KR7042420000,042420,네오위즈홀딩스
2013-12-13,코스닥 150,REMOVE,KR7053320008,053320,테라리소스
2013-12-13,코스닥 150,REMOVE,KR7053660007,053660,현진소재
2013-12-13,코스닥 150,REMOVE,KR7067310003,067310,하나마이크론
2013-12-13,코스닥 150,REMOVE,KR7073110009,073110,엘엠에스
2013-12-13,코스닥 150,REMOVE,KR7091690008,091690,디지텍시스템
2013-12-13,코스닥 150,REMOVE,KR7094190006,094190,이엘케이
2013-12-13,코스닥 150,REMOVE,KR7100700004,100700,세운메디칼
2014-03-26,코스닥 150,ADD,KR7108380007,108380,대양전기공업
2014-03-26,코스닥 150,REMOVE,KR7018000000,018000,유니슨
2014-06-13,코스닥 150,ADD,KR7014470009,014470,리홈쿠첸
2014-06-13,코스닥 150,ADD,KR7029960002,029960,코엔텍
2014-06-13,코스닥 150,ADD,KR7031980006,031980,피에스케이
2014-06-13,코스닥 150,ADD,KR7038390001,038390,레드캡투어
2014-06-13,코스닥 150,ADD,KR7041520008,041520,이라이콤
2014-06-13,코스닥 150,ADD,KR7092040005,092040,아미코젠
2014-06-13,코스닥 150,ADD,KR7093920007,093920,서원인텍
2014-06-13,코스닥 150,ADD,KR7095190005,095190,이엠코리아
2014-06-13,코스닥 150,ADD,KR7100120005,100120,뷰웍스
2014-06-13,코스닥 150,ADD,KR7123420002,123420,선데이토즈
2014-06-13,코스닥 150,ADD,KR7136480001,136480,하림
2014-06-13,코스닥 150,ADD,KR7138070008,138070,신진에스엠
2014-06-13,코스닥 150,ADD,KR7168330009,168330,내츄럴엔도텍
2014-06-13,코스닥 150,REMOVE,KR7013990007,013990,아가방컴퍼니
2014-06-13,코스닥 150,REMOVE,KR7030350003,030350,드래곤플라이
2014-06-13,코스닥 150,REMOVE,KR7035890003,035890,서희건설
2014-06-13,코스닥 150,REMOVE,KR7036500007,036500,유원컴텍
2014-06-13,코스닥 150,REMOVE,KR7036540003,036540,STS반도체
2014-06-13,코스닥 150,REMOVE,KR7047310008,047310,파워로직스
2014-06-13,코스닥 150,REMOVE,KR7065160004,065160,에프티이앤이
2014-06-13,코스닥 150,REMOVE,KR7065270001,065270,플렉스컴
2014-06-13,코스닥 150,REMOVE,KR7065680001,065680,우주일렉트로
2014-06-13,코스닥 150,REMOVE,KR7068760008,068760,셀트리온제약
2014-06-13,코스닥 150,REMOVE,KR7087220000,087220,스틸플라워
2014-06-13,코스닥 150,REMOVE,KR7099660003,099660,한솔신텍
2014-06-13,코스닥 150,REMOVE,KR7123100000,123100,테라세미콘
2014-12-12,코스닥 150,ADD,KR7011040003,011040,경동제약
2014-12-12,코스닥 150,ADD,KR7016100000,016100,산성앨엔에스
2014-12-12,코스닥 150,ADD,KR7016250003,016250,이테크건설
2014-12-12,코스닥 150,ADD,KR7018310003,018310,삼목에스폼
2014-12-12,코스닥 150,ADD,KR7021320007,021320,KCC건설
2014-12-12,코스닥 150,ADD,KR7025770009,025770,한국정보통신
2014-12-12,코스닥 150,ADD,KR7025900002,025900,동화기업
2014-12-12,코스닥 150,ADD,KR7033560004,033560,블루콤
2014-12-12,코스닥 150,ADD,KR7038290003,038290,마크로젠
2014-12-12,코스닥 150,ADD,KR7041830001,041830,인바디
2014-12-12,코스닥 150,ADD,KR7043610005,043610,KT뮤직
2014-12-12,코스닥 150,ADD,KR7049960008,049960,쎌바이오텍
2014-12-12,코스닥 150,ADD,KR7067160002,067160,아프리카TV
2014-12-12,코스닥 150,ADD,KR7069110005,069110,코스온
2014-12-12,코스닥 150,ADD,KR7083790006,083790,크리스탈
2014-12-12,코스닥 150,ADD,KR7092070002,092070,디엔에프
2014-12-12,코스닥 150,ADD,KR7095700001,095700,제넥신
2014-12-12,코스닥 150,ADD,KR7100700004,100700,세운메디칼
2014-12-12,코스닥 150,ADD,KR7108790007,108790,인터파크INT
2014-12-12,코스닥 150,ADD,KR7154040000,154040,솔루에타
2014-12-12,코스닥 150,ADD,KR7171120009,171120,라이온켐텍
2014-12-12,코스닥 150,REMOVE,KR7033170002,033170,시그네틱스
2014-12-12,코스닥 150,REMOVE,KR7033640004,033640,네패스
2014-12-12,코스닥 150,REMOVE,KR7036930006,036930,주성엔지니어링
2014-12-12,코스닥 150,REMOVE,KR7039530001,039530,씨앤케이인터
2014-12-12,코스닥 150,REMOVE,KR7040910002,040910,아이씨디
2014-12-12,코스닥 150,REMOVE,KR7041020009,041020,인프라웨어
2014-12-12,코스닥 150,REMOVE,KR7049070006,049070,인탑스
2014-12-12,코스닥 150,REMOVE,KR7052270006,052270,우전앤한단
2014-12-12,코스닥 150,REMOVE,KR7054620000,054620,AP시스템
2014-12-12,코스닥 150,REMOVE,KR7060310000,060310,3S
2014-12-12,코스닥 150,REMOVE,KR7061040002,061040,알에프텍
2014-12-12,코스닥 150,REMOVE,KR7079960001,079960,동양이엔피
2014-12-12,코스닥 150,REMOVE,KR7080000003,080000,에스엔유
2014-12-12,코스닥 150,REMOVE,KR7082210006,082210,옵트론텍
2014-12-12,코스닥 150,REMOVE,KR7082850009,082850,우리이티아이
2014-12-12,코스닥 150,REMOVE,KR7095500005,095500,미래나노텍
2014-12-12,코스닥 150,REMOVE,KR7096640008,096640,멜파스
2014-12-12,코스닥 150,REMOVE,KR7097780001,097780,에스맥
2014-12-12,코스닥 150,REMOVE,KR7101970002,101970,우양에이치씨
2014-12-12,코스닥 150,REMOVE,KR7102710001,102710,이엔에프테크놀로지
2014-12-12,코스닥 150,REMOVE,KR7104480009,104480,티케이케미칼
2015-06-12,코스닥 150,ADD,KR7027050004,027050,코리아나
2015-06-12,코스닥 150,ADD,KR7028300002,028300,에이치엘비
2015-06-12,코스닥 150,ADD,KR7032190001,032190,다우데이타
2015-06-12,코스닥 150,ADD,KR7035890003,035890,서희건설
2015-06-12,코스닥 150,ADD,KR7036800001,036800,나이스정보통신
2015-06-12,코스닥 150,ADD,KR7038500005,038500,동양시멘트
2015-06-12,코스닥 150,ADD,KR7048530000,048530,인트론바이오
2015-06-12,코스닥 150,ADD,KR7051360006,051360,토비스
2015-06-12,코스닥 150,ADD,KR7053030003,053030,바이넥스
2015-06-12,코스닥 150,ADD,KR7054670005,054670,대한뉴팜
2015-06-12,코스닥 150,ADD,KR7054780002,054780,키이스트
2015-06-12,코스닥 150,ADD,KR7060250008,060250,한국사이버결제
2015-06-12,코스닥 150,ADD,KR7068240001,068240,다원시스
2015-06-12,코스닥 150,ADD,KR7085370005,085370,루트로닉
2015-06-12,코스닥 150,ADD,KR7095340006,095340,ISC
2015-06-12,코스닥 150,ADD,KR7140410002,140410,메지온
2015-06-12,코스닥 150,ADD,KR7194480000,194480,데브시스터즈
2015-06-12,코스닥 150,ADD,KR7200130003,200130,콜마비앤에이치
2015-06-12,코스닥 150,ADD,KR7213420003,213420,덕산네오룩스
2015-06-12,코스닥 150,ADD,KR7215000001,215000,골프존
2015-06-12,코스닥 150,REMOVE,KR7003100005,003100,선광
2015-06-12,코스닥 150,REMOVE,KR7009520008,009520,포스코엠텍
2015-06-12,코스닥 150,REMOVE,KR7027580000,027580,상보
2015-06-12,코스닥 150,REMOVE,KR7029960002,029960,코엔텍
2015-06-12,코스닥 150,REMOVE,KR7033630005,033630,SK브로드밴드
2015-06-12,코스닥 150,REMOVE,KR7036890002,036890,진성티이씨
2015-06-12,코스닥 150,REMOVE,KR7037370004,037370,EG
2015-06-12,코스닥 150,REMOVE,KR7040610008,040610,SG&G
2015-06-12,코스닥 150,REMOVE,KR7049550007,049550,잉크테크
2015-06-12,코스닥 150,REMOVE,KR7064260003,064260,다날
2015-06-12,코스닥 150,REMOVE,KR7066700006,066700,테라젠이텍스
2015-06-12,코스닥 150,REMOVE,KR7071200000,071200,인피니트헬스케어
2015-06-12,코스닥 150,REMOVE,KR7077360006,077360,덕산하이메탈
2015-06-12,코스닥 150,REMOVE,KR7088390000,088390,이녹스
2015-06-12,코스닥 150,REMOVE,KR7095190005,095190,이엠코리아
2015-06-12,코스닥 150,REMOVE,KR7108380007,108380,대양전기공업
2015-06-12,코스닥 150,REMOVE,KR7123260002,123260,사파이어테크놀로지
2015-06-12,코스닥 150,REMOVE,KR7143240000,143240,사람인에이치알
2015-06-12,코스닥 150,REMOVE,KR7154040000,154040,솔루에타
2015-06-12,코스닥 150,REMOVE,KR7168330009,168330,내츄럴엔도텍
2015-12-11,코스닥 150,ADD,KR7013990007,013990,아가방컴퍼니
2015-12-11,코스닥 150,ADD,KR7025980004,025980,에머슨퍼시픽
2015-12-11,코스닥 150,ADD,KR7067080002,067080,대화제약
2015-12-11,코스닥 150,ADD,KR7067390005,067390,아스트
2015-12-11,코스닥 150,ADD,KR7089600001,089600,나스미디어
2015-12-11,코스닥 150,ADD,KR7102710001,102710,이엔에프테크놀로지
2015-12-11,코스닥 150,ADD,KR7114570005,114570,지스마트글로벌
2015-12-11,코스닥 150,ADD,KR7119610004,119610,인터로조
2015-12-11,코스닥 150,ADD,KR7143240000,143240,사람인에이치알
2015-12-11,코스닥 150,ADD,KR7168330009,168330,내츄럴엔도텍
2015-12-11,코스닥 150,ADD,KR7178920005,178920,SKC코오롱PI
2015-12-11,코스닥 150,ADD,KR7192080000,192080,더블유게임즈
2015-12-11,코스닥 150,ADD,KR7192440006,192440,슈피겐코리아
2015-12-11,코스닥 150,ADD,KR7200670008,200670,휴메딕스
2015-12-11,코스닥 150,ADD,KR7206640005,206640,바디텍메드
2015-12-11,코스닥 150,ADD,KR7214450009,214450,파마리서치프로덕트
2015-12-11,코스닥 150,REMOVE,KR7005160007,005160,동국산업
2015-12-11,코스닥 150,REMOVE,KR7014470009,014470,부방
2015-12-11,코스닥 150,REMOVE,KR7032500001,032500,케이엠더블유
2015-12-11,코스닥 150,REMOVE,KR7033500000,033500,동성화인텍
2015-12-11,코스닥 150,REMOVE,KR7036190007,036190,금화피에스시
2015-12-11,코스닥 150,REMOVE,KR7036560001,036560,영풍정밀
2015-12-11,코스닥 150,REMOVE,KR7036710002,036710,심텍홀딩스
2015-12-11,코스닥 150,REMOVE,KR7038060000,038060,루멘스
2015-12-11,코스닥 150,REMOVE,KR7038390001,038390,레드캡투어
2015-12-11,코스닥 150,REMOVE,KR7043610005,043610,KT뮤직
2015-12-11,코스닥 150,REMOVE,KR7051360006,051360,토비스
2015-12-11,코스닥 150,REMOVE,KR7051370005,051370,인터플렉스
2015-12-11,코스닥 150,REMOVE,KR7072870009,072870,메가스터디
2015-12-11,코스닥 150,REMOVE,KR7083650002,083650,비에이치아이
2015-12-11,코스닥 150,REMOVE,KR7093920007,093920,서원인텍
2015-12-11,코스닥 150,REMOVE,KR7101730000,101730,조이맥스
2016-03-16,코스닥 150,ADD,KR7160550000,160550,NEW
2016-03-16,코스닥 150,REMOVE,KR7066270000,066270,SK컴즈
2016-04-08,코스닥 150,ADD,KR7063170005,063170,서울옥션
2016-04-08,코스닥 150,REMOVE,KR7023890007,023890,아트라스BX
2016-06-10,코스닥 150,ADD,KR7036930006,036930,주성엔지니어링
2016-06-10,코스닥 150,ADD,KR7039840004,039840,디오
2016-06-10,코스닥 150,ADD,KR7054620000,054620,AP시스템
2016-06-10,코스닥 150,ADD,KR7065160004,065160,에프티이앤이
2016-06-10,코스닥 150,ADD,KR7068760008,068760,셀트리온제약
2016-06-10,코스닥 150,ADD,KR7115450009,115450,지트리비앤티
2016-06-10,코스닥 150,ADD,KR7145020004,145020,휴젤
2016-06-10,코스닥 150,ADD,KR7182400002,182400,에이티젠
2016-06-10,코스닥 150,ADD,KR7214370009,214370,케어젠
2016-06-10,코스닥 150,ADD,KR7222040008,222040,뉴트리바이오텍
2016-06-10,코스닥 150,REMOVE,KR7011040003,011040,경동제약
2016-06-10,코스닥 150,REMOVE,KR7021320007,021320,KCC건설
2016-06-10,코스닥 150,REMOVE,KR7031980006,031980,피에스케이
2016-06-10,코스닥 150,REMOVE,KR7041520008,041520,이라이콤
2016-06-10,코스닥 150,REMOVE,KR7046140000,046140,SBS콘텐츠허브
2016-06-10,코스닥 150,REMOVE,KR7092070002,092070,디엔에프
2016-06-10,코스닥 150,REMOVE,KR7094840006,094840,슈프리마에이치큐
2016-06-10,코스닥 150,REMOVE,KR7138070008,138070,신진에스엠
2016-06-10,코스닥 150,REMOVE,KR7194480000,194480,데브시스터즈
2016-06-10,코스닥 150,REMOVE,KR7215000001,215000,골프존
2016-07-15,코스닥 150,ADD,KR7036630002,036630,세종텔레콤
2016-12-09,코스닥 150,ADD,KR7006910004,006910,보성파워텍
2016-12-09,코스닥 150,ADD,KR7014200000,014200,광림
2016-12-09,코스닥 150,ADD,KR7049180003,049180,셀루메드
2016-12-09,코스닥 150,ADD,KR7058820002,058820,CMG제약
2016-12-09,코스닥 150,ADD,KR7064240005,064240,홈캐스트
2016-12-09,코스닥 150,ADD,KR7064760002,064760,티씨케이
2016-12-09,코스닥 150,ADD,KR7109610006,109610,에스와이패널
2016-12-09,코스닥 150,ADD,KR7115960007,115960,연우
2016-12-09,코스닥 150,ADD,KR7141080002,141080,레고켐바이오
2016-12-09,코스닥 150,ADD,KR7215360009,215360,우리산업
2016-12-09,코스닥 150,ADD,KR7237690003,237690,에스티팜
2016-12-09,코스닥 150,ADD,KR7240810002,240810,원익IPS
2016-12-09,코스닥 150,REMOVE,KR7011370004,011370,서한
2016-12-09,코스닥 150,REMOVE,KR7018310003,018310,삼목에스폼
2016-12-09,코스닥 150,REMOVE,KR7032190001,032190,다우데이타
2016-12-09,코스닥 150,REMOVE,KR7036030005,036030,KTH
2016-12-09,코스닥 150,REMOVE,KR7036800001,036800,나이스정보통신
2016-12-09,코스닥 150,REMOVE,KR7038500005,038500,동양시멘트
2016-12-09,코스닥 150,REMOVE,KR7046440004,046440,KG모빌리언스
2016-12-09,코스닥 150,REMOVE,KR7052790003,052790,액토즈소프트
2016-12-09,코스닥 150,REMOVE,KR7067280008,067280,멀티캠퍼스
2016-12-09,코스닥 150,REMOVE,KR7100700004,100700,세운메디칼
2016-12-09,코스닥 150,REMOVE,KR7115160004,115160,휴맥스
2016-12-09,코스닥 150,REMOVE,KR7143240000,143240,사람인에이치알
2017-06-09,코스닥 150,ADD,KR7036540003,036540,SFA반도체
2017-06-09,코스닥 150,ADD,KR7038540001,038540,텍셀네트컴
2017-06-09,코스닥 150,ADD,KR7051370005,051370,인터플렉스
2017-06-09,코스닥 150,ADD,KR7065060006,065060,지엔코
2017-06-09,코스닥 150,ADD,KR7066970005,066970,엘앤에프
2017-06-09,코스닥 150,ADD,KR7078150000,078150,HB테크놀러지
2017-06-09,코스닥 150,ADD,KR7089140008,089140,넥스턴
2017-06-09,코스닥 150,ADD,KR7095610002,095610,테스
2017-06-09,코스닥 150,ADD,KR7215600008,215600,신라젠
2017-06-09,코스닥 150,ADD,KR7237880000,237880,클리오
2017-06-09,코스닥 150,ADD,KR7241710003,241710,코스메카코리아
2017-06-09,코스닥 150,ADD,KR7243070000,243070,휴온스
2017-06-09,코스닥 150,ADD,KR7265520007,265520,AP시스템
2017-06-09,코스닥 150,REMOVE,KR7006910004,006910,보성파워텍
2017-06-09,코스닥 150,REMOVE,KR7024950008,024950,삼천리자전거
2017-06-09,코스닥 150,REMOVE,KR7033560004,033560,블루콤
2017-06-09,코스닥 150,REMOVE,KR7049180003,049180,셀루메드
2017-06-09,코스닥 150,REMOVE,KR7052260007,052260,SK바이오랜드
2017-06-09,코스닥 150,REMOVE,KR7052400009,052400,코나아이
2017-06-09,코스닥 150,REMOVE,KR7054780002,054780,키이스트
2017-06-09,코스닥 150,REMOVE,KR7060590007,060590,씨티씨바이오
2017-06-09,코스닥 150,REMOVE,KR7063170005,063170,서울옥션
2017-06-09,코스닥 150,REMOVE,KR7095340006,095340,ISC
2017-06-09,코스닥 150,REMOVE,KR7114120009,114120,크루셜텍
2017-06-09,코스닥 150,REMOVE,KR7123420002,123420,선데이토즈
2017-06-09,코스닥 150,REMOVE,KR7140410002,140410,메지온
2017-07-10,코스닥 150,ADD,KR7090470006,090470,제이스텍
2017-12-15,코스닥 150,ADD,KR7003380003,003380,제일홀딩스
2017-12-15,코스닥 150,ADD,KR7007390008,007390,네이처셀
2017-12-15,코스닥 150,ADD,KR7007820004,007820,에스엠코어
2017-12-15,코스닥 150,ADD,KR7018000000,018000,유니슨
2017-12-15,코스닥 150,ADD,KR7031980006,031980,피에스케이
2017-12-15,코스닥 150,ADD,KR7033290008,033290,코웰패션
2017-12-15,코스닥 150,ADD,KR7049950009,049950,미래컴퍼니
2017-12-15,코스닥 150,ADD,KR7080420003,080420,모다이노칩
2017-12-15,코스닥 150,ADD,KR7086520004,086520,에코프로
2017-12-15,코스닥 150,ADD,KR7090460007,090460,비에이치
2017-12-15,코스닥 150,ADD,KR7091990002,091990,셀트리온헬스케어
2017-12-15,코스닥 150,ADD,KR7263750002,263750,펄어비스
2017-12-15,코스닥 150,ADD,KR7272290008,272290,이녹스첨단소재
2017-12-15,코스닥 150,REMOVE,KR7005990007,005990,매일홀딩스
2017-12-15,코스닥 150,REMOVE,KR7013030002,013030,하이록코리아
2017-12-15,코스닥 150,REMOVE,KR7013990007,013990,아가방컴퍼니
2017-12-15,코스닥 150,REMOVE,KR7054620000,054620,APS홀딩스
2017-12-15,코스닥 150,REMOVE,KR7054670005,054670,대한뉴팜
2017-12-15,코스닥 150,REMOVE,KR7060720000,060720,KH바텍
2017-12-15,코스닥 150,REMOVE,KR7065060006,065060,지엔코
2017-12-15,코스닥 150,REMOVE,KR7067000000,067000,조이시티
2017-12-15,코스닥 150,REMOVE,KR7067160002,067160,아프리카TV
2017-12-15,코스닥 150,REMOVE,KR7069110005,069110,코스온
2017-12-15,코스닥 150,REMOVE,KR7089140008,089140,넥스턴
2017-12-15,코스닥 150,REMOVE,KR7160550000,160550,NEW
2017-12-15,코스닥 150,REMOVE,KR7171120009,171120,라이온켐텍
2018-02-09,코스닥 150,ADD,KR7123100000,123100,테라세미콘
2018-03-28,코스닥 150,ADD,KR7200230001,200230,텔콘
2018-03-28,코스닥 150,REMOVE,KR7085660009,085660,차바이오텍
2018-04-16,코스닥 150,ADD,KR7063570006,063570,한국전자금융
2018-04-16,코스닥 150,REMOVE,KR7065160004,065160,에프티이앤이
2018-06-15,코스닥 150,ADD,KR7000250001,000250,삼천당제약
2018-06-15,코스닥 150,ADD,KR7013030002,013030,하이록코리아
2018-06-15,코스닥 150,ADD,KR7030190003,030190,NICE평가정보
2018-06-15,코스닥 150,ADD,KR7035900000,035900,JYP Ent.
2018-06-15,코스닥 150,ADD,KR7039200001,039200,오스코텍
2018-06-15,코스닥 150,ADD,KR7042000000,042000,카페24
2018-06-15,코스닥 150,ADD,KR7060570009,060570,아이리버
2018-06-15,코스닥 150,ADD,KR7065660003,065660,안트로젠
2018-06-15,코스닥 150,ADD,KR7073070005,073070,에스모
2018-06-15,코스닥 150,ADD,KR7087010005,087010,펩트론
2018-06-15,코스닥 150,ADD,KR7144510005,144510,녹십자랩셀
2018-06-15,코스닥 150,ADD,KR7217480003,217480,에스디생명공학
2018-06-15,코스닥 150,ADD,KR7253450001,253450,스튜디오드래곤
2018-06-15,코스닥 150,ADD,KR7267980001,267980,매일유업
2018-06-15,코스닥 150,REMOVE,KR7014200000,014200,광림
2018-06-15,코스닥 150,REMOVE,KR7036540003,036540,SFA반도체
2018-06-15,코스닥 150,REMOVE,KR7054050000,054050,농우바이오
2018-06-15,코스닥 150,REMOVE,KR7060250008,060250,NHN한국사이버결제
2018-06-15,코스닥 150,REMOVE,KR7078150000,078150,HB테크놀러지
2018-06-15,코스닥 150,REMOVE,KR7085370005,085370,루트로닉
2018-06-15,코스닥 150,REMOVE,KR7086980000,086980,쇼박스
2018-06-15,코스닥 150,REMOVE,KR7090470006,090470,제이스텍
2018-06-15,코스닥 150,REMOVE,KR7095660007,095660,네오위즈
2018-06-15,코스닥 150,REMOVE,KR7109610006,109610,에스와이패널
2018-06-15,코스닥 150,REMOVE,KR7114570005,114570,지스마트글로벌
2018-06-15,코스닥 150,REMOVE,KR7123100000,123100,원익테라세미콘
2018-06-15,코스닥 150,REMOVE,KR7136480001,136480,하림
2018-06-15,코스닥 150,REMOVE,KR7192440006,192440,슈피겐코리아
2018-06-28,코스닥 150,ADD,KR7067630004,067630,에이치엘비생명과학
2018-06-28,코스닥 150,ADD,KR7174900001,174900,앱클론
2018-06-28,코스닥 150,REMOVE,KR7024660003,024660,하림홀딩스
2018-06-28,코스닥 150,REMOVE,KR7130960008,130960,CJ E&M
2018-08-30,코스닥 150,ADD,KR7052710001,052710,아모텍
2018-08-30,코스닥 150,REMOVE,KR7016170003,016170,카카오M
2018-12-14,코스닥 150,ADD,KR7010170009,010170,대한광통신
2018-12-14,코스닥 150,ADD,KR7029960002,029960,코엔텍
2018-12-14,코스닥 150,ADD,KR7038500005,038500,삼표시멘트
2018-12-14,코스닥 150,ADD,KR7045100005,045100,한양이엔지
2018-12-14,코스닥 150,ADD,KR7045390002,045390,대아티아이
2018-12-14,코스닥 150,ADD,KR7052020005,052020,에스티큐브
2018-12-14,코스닥 150,ADD,KR7067160002,067160,아프리카TV
2018-12-14,코스닥 150,ADD,KR7092730001,092730,네오팜
2018-12-14,코스닥 150,ADD,KR7140410002,140410,메지온
2018-12-14,코스닥 150,ADD,KR7183490002,183490,엔지켐생명과학
2018-12-14,코스닥 150,ADD,KR7215200007,215200,메가스터디교육
2018-12-14,코스닥 150,ADD,KR7218410009,218410,RFHIC
2018-12-14,코스닥 150,REMOVE,KR7027050004,027050,코리아나
2018-12-14,코스닥 150,REMOVE,KR7035080001,035080,인터파크홀딩스
2018-12-14,코스닥 150,REMOVE,KR7041140005,041140,넥슨지티
2018-12-14,코스닥 150,REMOVE,KR7049960008,049960,쎌바이오텍
2018-12-14,코스닥 150,REMOVE,KR7052710001,052710,아모텍
2018-12-14,코스닥 150,REMOVE,KR7054950001,054950,제이브이엠
2018-12-14,코스닥 150,REMOVE,KR7064240005,064240,홈캐스트
2018-12-14,코스닥 150,REMOVE,KR7099190001,099190,아이센스
2018-12-14,코스닥 150,REMOVE,KR7102710001,102710,이엔에프테크놀로지
2018-12-14,코스닥 150,REMOVE,KR7174900001,174900,앱클론
2018-12-14,코스닥 150,REMOVE,KR7200670008,200670,휴메딕스
2018-12-14,코스닥 150,REMOVE,KR7265520007,265520,AP시스템
2019-03-12,코스닥 150,ADD,KR7044340008,044340,위닉스
2019-03-22,코스닥 150,ADD,KR7032500001,032500,케이엠더블유
2019-03-22,코스닥 150,REMOVE,KR7168330009,168330,내츄럴엔도텍
2019-04-10,코스닥 150,ADD,KR7074600008,074600,원익QnC
2019-04-10,코스닥 150,REMOVE,KR7214370009,214370,케어젠
2019-06-14,코스닥 150,ADD,KR7041140005,041140,넥슨지티
2019-06-14,코스닥 150,ADD,KR7060150000,060150,인선이엔티
2019-06-14,코스닥 150,ADD,KR7095190005,095190,이엠코리아
2019-06-14,코스닥 150,ADD,KR7122990005,122990,와이솔
2019-06-14,코스닥 150,ADD,KR7192440006,192440,슈피겐코리아
2019-06-14,코스닥 150,ADD,KR7196170005,196170,알테오젠
2019-06-14,코스닥 150,ADD,KR7217730001,217730,강스템바이오텍
2019-06-14,코스닥 150,ADD,KR7226950004,226950,올릭스
2019-06-14,코스닥 150,ADD,KR7247540008,247540,에코프로비엠
2019-06-14,코스닥 150,ADD,KR7263050007,263050,유틸렉스
2019-06-14,코스닥 150,ADD,KR7278280003,278280,천보
2019-06-14,코스닥 150,ADD,KR7298380007,298380,에이비엘바이오
2019-06-14,코스닥 150,REMOVE,KR7018000000,018000,유니슨
2019-06-14,코스닥 150,REMOVE,KR7031980006,031980,피에스케이홀딩스
2019-06-14,코스닥 150,REMOVE,KR7038540001,038540,상상인
2019-06-14,코스닥 150,REMOVE,KR7043370006,043370,평화정공
2019-06-14,코스닥 150,REMOVE,KR7051370005,051370,인터플렉스
2019-06-14,코스닥 150,REMOVE,KR7084370006,084370,유진테크
2019-06-14,코스닥 150,REMOVE,KR7100130004,100130,동국S&C
2019-06-14,코스닥 150,REMOVE,KR7108790007,108790,인터파크
2019-06-14,코스닥 150,REMOVE,KR7119610004,119610,인터로조
2019-06-14,코스닥 150,REMOVE,KR7121440002,121440,골프존뉴딘홀딩스
2019-06-14,코스닥 150,REMOVE,KR7206640005,206640,바디텍메드
2019-08-21,코스닥 150,ADD,KR7265520007,265520,AP시스템
2019-08-21,코스닥 150,REMOVE,KR7102940004,102940,코오롱생명과학
2019-10-18,코스닥 150,ADD,KR7086820008,086820,바이오솔루션
2019-12-13,코스닥 150,ADD,KR7033640004,033640,네패스
2019-12-13,코스닥 150,ADD,KR7036540003,036540,SFA반도체
2019-12-13,코스닥 150,ADD,KR7047310008,047310,파워로직스
2019-12-13,코스닥 150,ADD,KR7048410005,048410,현대바이오
2019-12-13,코스닥 150,ADD,KR7060250008,060250,NHN한국사이버결제
2019-12-13,코스닥 150,ADD,KR7061970000,061970,엘비세미콘
2019-12-13,코스닥 150,ADD,KR7078130002,078130,국일제지
2019-12-13,코스닥 150,ADD,KR7097520001,097520,엠씨넥스
2019-12-13,코스닥 150,ADD,KR7138080007,138080,오이솔루션
2019-12-13,코스닥 150,ADD,KR7143240000,143240,사람인에이치알
2019-12-13,코스닥 150,ADD,KR7178320008,178320,서진시스템
2019-12-13,코스닥 150,ADD,KR7214150005,214150,클래시스
2019-12-13,코스닥 150,ADD,KR7215000001,215000,골프존
2019-12-13,코스닥 150,ADD,KR7228760005,228760,지노믹트리
2019-12-13,코스닥 150,ADD,KR7230360000,230360,에코마케팅
2019-12-13,코스닥 150,ADD,KR7239610009,239610,에이치엘사이언스
2019-12-13,코스닥 150,ADD,KR7243840006,243840,신흥에스이씨
2019-12-13,코스닥 150,REMOVE,KR7010170009,010170,대한광통신
2019-12-13,코스닥 150,REMOVE,KR7016100000,016100,리더스코스메틱
2019-12-13,코스닥 150,REMOVE,KR7025770009,025770,한국정보통신
2019-12-13,코스닥 150,REMOVE,KR7030520001,030520,한글과컴퓨터
2019-12-13,코스닥 150,REMOVE,KR7038290003,038290,마크로젠
2019-12-13,코스닥 150,REMOVE,KR7053030003,053030,바이넥스
2019-12-13,코스닥 150,REMOVE,KR7063080006,063080,게임빌
2019-12-13,코스닥 150,REMOVE,KR7067080002,067080,대화제약
2019-12-13,코스닥 150,REMOVE,KR7067290007,067290,JW신약
2019-12-13,코스닥 150,REMOVE,KR7074600008,074600,원익QnC
2019-12-13,코스닥 150,REMOVE,KR7080420003,080420,모다이노칩
2019-12-13,코스닥 150,REMOVE,KR7086820008,086820,바이오솔루션
2019-12-13,코스닥 150,REMOVE,KR7087010005,087010,펩트론
2019-12-13,코스닥 150,REMOVE,KR7100120005,100120,뷰웍스
2019-12-13,코스닥 150,REMOVE,KR7217480003,217480,에스디생명공학
2019-12-13,코스닥 150,REMOVE,KR7226950004,226950,올릭스
2019-12-13,코스닥 150,REMOVE,KR7241710003,241710,코스메카코리아
2020-03-25,코스닥 150,ADD,KR7088800008,088800,에이스테크
2020-03-25,코스닥 150,REMOVE,KR7082270000,082270,젬백스
2020-03-26,코스닥 150,ADD,KR7082920000,082920,비츠로셀
2020-03-26,코스닥 150,REMOVE,KR7035890003,035890,서희건설
2020-03-27,코스닥 150,ADD,KR7119860005,119860,다나와
2020-03-27,코스닥 150,REMOVE,KR7073070005,073070,에스모
2020-04-22,코스닥 150,ADD,KR7102710001,102710,이엔에프테크놀로지
2020-04-22,코스닥 150,REMOVE,KR7065620007,065620,제낙스
2020-06-12,코스닥 150,ADD,KR7018290007,018290,브이티지엠피
2020-06-12,코스닥 150,ADD,KR7032190001,032190,다우데이타
2020-06-12,코스닥 150,ADD,KR7038540001,038540,상상인
2020-06-12,코스닥 150,ADD,KR7041190000,041190,우리기술투자
2020-06-12,코스닥 150,ADD,KR7052260007,052260,SK바이오랜드
2020-06-12,코스닥 150,ADD,KR7060720000,060720,KH바텍
2020-06-12,코스닥 150,ADD,KR7078020005,078020,이베스트투자증권
2020-06-12,코스닥 150,ADD,KR7078070000,078070,유비쿼스홀딩스
2020-06-12,코스닥 150,ADD,KR7084370006,084370,유진테크
2020-06-12,코스닥 150,ADD,KR7084850007,084850,아이티엠반도체
2020-06-12,코스닥 150,ADD,KR7085660009,085660,차바이오텍
2020-06-12,코스닥 150,ADD,KR7214370009,214370,케어젠
2020-06-12,코스닥 150,ADD,KR7268600004,268600,셀리버리
2020-06-12,코스닥 150,ADD,KR7282880004,282880,코윈테크
2020-06-12,코스닥 150,REMOVE,KR7007820004,007820,에스엠코어
2020-06-12,코스닥 150,REMOVE,KR7013030002,013030,하이록코리아
2020-06-12,코스닥 150,REMOVE,KR7016250003,016250,이테크건설
2020-06-12,코스닥 150,REMOVE,KR7019210004,019210,와이지-원
2020-06-12,코스닥 150,REMOVE,KR7036630002,036630,세종텔레콤
2020-06-12,코스닥 150,REMOVE,KR7041140005,041140,넥슨지티
2020-06-12,코스닥 150,REMOVE,KR7044490001,044490,태웅
2020-06-12,코스닥 150,REMOVE,KR7045100005,045100,한양이엔지
2020-06-12,코스닥 150,REMOVE,KR7067390005,067390,아스트
2020-06-12,코스닥 150,REMOVE,KR7095190005,095190,이엠코리아
2020-06-12,코스닥 150,REMOVE,KR7215360009,215360,우리산업
2020-06-12,코스닥 150,REMOVE,KR7215600008,215600,신라젠
2020-06-12,코스닥 150,REMOVE,KR7217730001,217730,강스템바이오텍
2020-06-12,코스닥 150,REMOVE,KR7222040008,222040,코스맥스엔비티
2020-12-11,코스닥 150,ADD,KR7034950006,034950,한국기업평가
2020-12-11,코스닥 150,ADD,KR7078600004,078600,대주전자재료
2020-12-11,코스닥 150,ADD,KR7089980007,089980,상아프론테크
2020-12-11,코스닥 150,ADD,KR7092190008,092190,서울바이오시스
2020-12-11,코스닥 150,ADD,KR7100130004,100130,동국S&C
2020-12-11,코스닥 150,ADD,KR7101490001,101490,에스앤에스텍
2020-12-11,코스닥 150,ADD,KR7131370009,131370,알서포트
2020-12-11,코스닥 150,ADD,KR7137400008,137400,피엔티
2020-12-11,코스닥 150,ADD,KR7194700001,194700,노바렉스
2020-12-11,코스닥 150,ADD,KR7204270003,204270,제이앤티씨
2020-12-11,코스닥 150,ADD,KR7222080004,222080,씨아이에스
2020-12-11,코스닥 150,ADD,KR7235980000,235980,메드팩토
2020-12-11,코스닥 150,ADD,KR7290510007,290510,코리아센터
2020-12-11,코스닥 150,ADD,KR7290650001,290650,엘앤씨바이오
2020-12-11,코스닥 150,ADD,KR7293490009,293490,카카오게임즈
2020-12-11,코스닥 150,ADD,KR7294140009,294140,레몬
2020-12-11,코스닥 150,ADD,KR7357780006,357780,솔브레인
2020-12-11,코스닥 150,REMOVE,KR7014620009,014620,성광벤드
2020-12-11,코스닥 150,REMOVE,KR7015750003,015750,성우하이텍
2020-12-11,코스닥 150,REMOVE,KR7023160005,023160,태광
2020-12-11,코스닥 150,REMOVE,KR7039840004,039840,디오
2020-12-11,코스닥 150,REMOVE,KR7041190000,041190,우리기술투자
2020-12-11,코스닥 150,REMOVE,KR7041830001,041830,인바디
2020-12-11,코스닥 150,REMOVE,KR7043150002,043150,바텍
2020-12-11,코스닥 150,REMOVE,KR7047310008,047310,파워로직스
2020-12-11,코스닥 150,REMOVE,KR7049950009,049950,미래컴퍼니
2020-12-11,코스닥 150,REMOVE,KR7051500007,051500,CJ프레시웨이
2020-12-11,코스닥 150,REMOVE,KR7063570006,063570,한국전자금융
2020-12-11,코스닥 150,REMOVE,KR7080160005,080160,모두투어
2020-12-11,코스닥 150,REMOVE,KR7084110006,084110,휴온스글로벌
2020-12-11,코스닥 150,REMOVE,KR7089600001,089600,나스미디어
2020-12-11,코스닥 150,REMOVE,KR7115960007,115960,연우
2020-12-11,코스닥 150,REMOVE,KR7228760005,228760,지노믹트리
2020-12-11,코스닥 150,REMOVE,KR7282880004,282880,코윈테크
2021-06-11,코스닥 150,ADD,KR7015750003,015750,성우하이텍
2021-06-11,코스닥 150,ADD,KR7018000000,018000,유니슨
2021-06-11,코스닥 150,ADD,KR7027360007,027360,아주IB투자
2021-06-11,코스닥 150,ADD,KR7036810000,036810,에프에스티
2021-06-11,코스닥 150,ADD,KR7041190000,041190,우리기술투자
2021-06-11,코스닥 150,ADD,KR7053030003,053030,바이넥스
2021-06-11,코스닥 150,ADD,KR7082270000,082270,젬백스
2021-06-11,코스닥 150,ADD,KR7100090000,100090,삼강엠앤티
2021-06-11,코스닥 150,ADD,KR7131290009,131290,티에스이
2021-06-11,코스닥 150,ADD,KR7131970006,131970,테스나
2021-06-11,코스닥 150,ADD,KR7140860008,140860,파크시스템스
2021-06-11,코스닥 150,ADD,KR7166090001,166090,하나머티리얼즈
2021-06-11,코스닥 150,ADD,KR7175250000,175250,아이큐어
2021-06-11,코스닥 150,ADD,KR7194480000,194480,데브시스터즈
2021-06-11,코스닥 150,ADD,KR7222800005,222800,심텍
2021-06-11,코스닥 150,ADD,KR7323990002,323990,박셀바이오
2021-06-11,코스닥 150,REMOVE,KR7018290007,018290,브이티지엠피
2021-06-11,코스닥 150,REMOVE,KR7034950006,034950,한국기업평가
2021-06-11,코스닥 150,REMOVE,KR7035810001,035810,이지홀딩스
2021-06-11,코스닥 150,REMOVE,KR7052020005,052020,에스티큐브
2021-06-11,코스닥 150,REMOVE,KR7052260007,052260,현대바이오랜드
2021-06-11,코스닥 150,REMOVE,KR7060570009,060570,드림어스컴퍼니
2021-06-11,코스닥 150,REMOVE,KR7065660003,065660,안트로젠
2021-06-11,코스닥 150,REMOVE,KR7082920000,082920,비츠로셀
2021-06-11,코스닥 150,REMOVE,KR7092730001,092730,네오팜
2021-06-11,코스닥 150,REMOVE,KR7143240000,143240,사람인에이치알
2021-06-11,코스닥 150,REMOVE,KR7194700001,194700,노바렉스
2021-06-11,코스닥 150,REMOVE,KR7214370009,214370,케어젠
2021-06-11,코스닥 150,REMOVE,KR7215000001,215000,골프존
2021-06-11,코스닥 150,REMOVE,KR7237880000,237880,클리오
2021-06-11,코스닥 150,REMOVE,KR7239610009,239610,에이치엘사이언스
2021-06-11,코스닥 150,REMOVE,KR7243840006,243840,신흥에스이씨
2021-06-29,코스닥 150,ADD,KR7080160005,080160,모두투어
2021-06-29,코스닥 150,REMOVE,KR7028150001,028150,GS홈쇼핑
2021-07-06,코스닥 150,ADD,KR7319660007,319660,피에스케이
2021-08-09,코스닥 150,ADD,KR7042040006,042040,케이피엠테크
2021-10-28,코스닥 150,ADD,KR7206650004,206650,유바이오로직스
2021-10-28,코스닥 150,REMOVE,KR7031390008,031390,녹십자셀
2021-11-29,코스닥 150,REMOVE,KR7036490001,036490,SK머티리얼즈
2021-12-10,코스닥 150,ADD,KR7033310004,033310,엠투엔
2021-12-10,코스닥 150,ADD,KR7035080001,035080,인터파크
2021-12-10,코스닥 150,ADD,KR7052400009,052400,코나아이
2021-12-10,코스닥 150,ADD,KR7064550007,064550,바이오니아
2021-12-10,코스닥 150,ADD,KR7074600008,074600,원익QnC
2021-12-10,코스닥 150,ADD,KR7084110006,084110,휴온스글로벌
2021-12-10,코스닥 150,ADD,KR7104480009,104480,티케이케미칼
2021-12-10,코스닥 150,ADD,KR7151910007,151910,나노스
2021-12-10,코스닥 150,ADD,KR7183300003,183300,코미코
2021-12-10,코스닥 150,ADD,KR7195940002,195940,HK이노엔
2021-12-10,코스닥 150,ADD,KR7256840000,256840,한국비엔씨
2021-12-10,코스닥 150,ADD,KR7293780003,293780,압타바이오
2021-12-10,코스닥 150,ADD,KR7294570007,294570,쿠콘
2021-12-10,코스닥 150,ADD,KR7299660001,299660,셀리드
2021-12-10,코스닥 150,ADD,KR7383310000,383310,에코프로에이치엔
2021-12-10,코스닥 150,REMOVE,KR7042040006,042040,케이피엠테크
2021-12-10,코스닥 150,REMOVE,KR7044340008,044340,위닉스
2021-12-10,코스닥 150,REMOVE,KR7078070000,078070,유비쿼스홀딩스
2021-12-10,코스닥 150,REMOVE,KR7078160009,078160,메디포스트
2021-12-10,코스닥 150,REMOVE,KR7083790006,083790,크리스탈지노믹스
2021-12-10,코스닥 150,REMOVE,KR7100130004,100130,동국S&C
2021-12-10,코스닥 150,REMOVE,KR7115450009,115450,지트리비앤티
2021-12-10,코스닥 150,REMOVE,KR7122990005,122990,와이솔
2021-12-10,코스닥 150,REMOVE,KR7175250000,175250,아이큐어
2021-12-10,코스닥 150,REMOVE,KR7182400002,182400,엔케이맥스
2021-12-10,코스닥 150,REMOVE,KR7192440006,192440,슈피겐코리아
2021-12-10,코스닥 150,REMOVE,KR7200230001,200230,텔콘RF제약
2021-12-10,코스닥 150,REMOVE,KR7263050007,263050,유틸렉스
2021-12-10,코스닥 150,REMOVE,KR7294140009,294140,레몬
2022-03-16,코스닥 150,ADD,KR7214370009,214370,케어젠
2022-03-16,코스닥 150,REMOVE,KR7048260004,048260,오스템임플란트
2022-06-10,코스닥 150,ADD,KR7064260003,064260,다날
2022-06-10,코스닥 150,ADD,KR7067310003,067310,하나마이크론
2022-06-10,코스닥 150,ADD,KR7086390002,086390,유니테스트
2022-06-10,코스닥 150,ADD,KR7110790003,110790,크리스에프앤씨
2022-06-10,코스닥 150,ADD,KR7121600001,121600,나노신소재
2022-06-10,코스닥 150,ADD,KR7121800007,121800,비덴트
2022-06-10,코스닥 150,ADD,KR7182400002,182400,엔케이맥스
2022-06-10,코스닥 150,ADD,KR7189300007,189300,인텔리안테크
2022-06-10,코스닥 150,ADD,KR7215000001,215000,골프존
2022-06-10,코스닥 150,ADD,KR7225570001,225570,넥슨게임즈
2022-06-10,코스닥 150,ADD,KR7299900001,299900,위지윅스튜디오
2022-06-10,코스닥 150,ADD,KR7348370008,348370,엔켐
2022-06-10,코스닥 150,REMOVE,KR7018000000,018000,유니슨
2022-06-10,코스닥 150,REMOVE,KR7033310004,033310,엠투엔
2022-06-10,코스닥 150,REMOVE,KR7045390002,045390,대아티아이
2022-06-10,코스닥 150,REMOVE,KR7069080000,069080,웹젠
2022-06-10,코스닥 150,REMOVE,KR7084110006,084110,휴온스글로벌
2022-06-10,코스닥 150,REMOVE,KR7108230004,108230,톱텍
2022-06-10,코스닥 150,REMOVE,KR7119860005,119860,다나와
2022-06-10,코스닥 150,REMOVE,KR7138080007,138080,오이솔루션
2022-06-10,코스닥 150,REMOVE,KR7183490002,183490,엔지켐생명과학
2022-06-10,코스닥 150,REMOVE,KR7204270003,204270,제이앤티씨
2022-06-10,코스닥 150,REMOVE,KR7230360000,230360,에코마케팅
2022-06-10,코스닥 150,REMOVE,KR7299660001,299660,셀리드
2022-08-22,코스닥 150,ADD,KR7030520001,030520,한글과컴퓨터
2022-08-22,코스닥 150,REMOVE,KR7121800007,121800,비덴트
2022-11-03,코스닥 150,ADD,KR7348210006,348210,넥스틴
2022-11-03,코스닥 150,REMOVE,KR7108320003,108320,LX세미콘
2022-11-28,코스닥 150,ADD,KR7119860005,119860,다나와
2022-11-28,코스닥 150,REMOVE,KR7290510007,290510,코리아센터
2022-12-09,코스닥 150,ADD,KR7016790008,016790,카나리아바이오
2022-12-09,코스닥 150,ADD,KR7049070006,049070,인탑스
2022-12-09,코스닥 150,ADD,KR7052020005,052020,에스티큐브
2022-12-09,코스닥 150,ADD,KR7095340006,095340,ISC
2022-12-09,코스닥 150,ADD,KR7215600008,215600,신라젠
2022-12-09,코스닥 150,ADD,KR7294090006,294090,이오플로우
2022-12-09,코스닥 150,ADD,KR7298540006,298540,더네이쳐홀딩스
2022-12-09,코스닥 150,ADD,KR7365340009,365340,성일하이텍
2022-12-09,코스닥 150,ADD,KR7376300000,376300,디어유
2022-12-09,코스닥 150,ADD,KR7393890009,393890,더블유씨피
2022-12-09,코스닥 150,ADD,KR7403870009,403870,HPSP
2022-12-09,코스닥 150,REMOVE,KR7035080001,035080,그래디언트
2022-12-09,코스닥 150,REMOVE,KR7042000000,042000,카페24
2022-12-09,코스닥 150,REMOVE,KR7048530000,048530,인트론바이오
2022-12-09,코스닥 150,REMOVE,KR7052400009,052400,코나아이
2022-12-09,코스닥 150,REMOVE,KR7058820002,058820,CMG제약
2022-12-09,코스닥 150,REMOVE,KR7078020005,078020,이베스트투자증권
2022-12-09,코스닥 150,REMOVE,KR7092190008,092190,서울바이오시스
2022-12-09,코스닥 150,REMOVE,KR7131370009,131370,알서포트
2022-12-09,코스닥 150,REMOVE,KR7194480000,194480,데브시스터즈
2022-12-09,코스닥 150,REMOVE,KR7265520007,265520,AP시스템
2022-12-09,코스닥 150,REMOVE,KR7293780003,293780,압타바이오
2023-03-28,코스닥 150,ADD,KR7091120006,091120,이엠텍
2023-03-28,코스닥 150,REMOVE,KR7151910007,151910,SBW생명과학
2023-04-06,코스닥 150,ADD,KR7281740001,281740,레이크머티리얼즈
2023-04-06,코스닥 150,REMOVE,KR7078130002,078130,국일제지
2023-04-17,코스닥 150,ADD,KR7205470008,205470,휴마시스
2023-04-17,코스닥 150,REMOVE,KR7268600004,268600,셀리버리
2023-04-19,코스닥 150,ADD,KR7003100005,003100,선광
2023-04-19,코스닥 150,REMOVE,KR7100090000,100090,SK오션플랜트
2023-06-09,코스닥 150,ADD,KR7009520008,009520,포스코엠텍
2023-06-09,코스닥 150,ADD,KR7025770009,025770,한국정보통신
2023-06-09,코스닥 150,ADD,KR7073570004,073570,어반리튬
2023-06-09,코스닥 150,ADD,KR7085370005,085370,루트로닉
2023-06-09,코스닥 150,ADD,KR7095500005,095500,미래나노텍
2023-06-09,코스닥 150,ADD,KR7277810008,277810,레인보우로보틱스
2023-06-09,코스닥 150,ADD,KR7287410005,287410,제이시스메디칼
2023-06-09,코스닥 150,ADD,KR7372170001,372170,윤성에프앤씨
2023-06-09,코스닥 150,REMOVE,KR7023410004,023410,유진기업
2023-06-09,코스닥 150,REMOVE,KR7053030003,053030,바이넥스
2023-06-09,코스닥 150,REMOVE,KR7088800008,088800,에이스테크
2023-06-09,코스닥 150,REMOVE,KR7102710001,102710,이엔에프테크놀로지
2023-06-09,코스닥 150,REMOVE,KR7110790003,110790,크리스에프앤씨
2023-06-09,코스닥 150,REMOVE,KR7206650004,206650,유바이오로직스
2023-06-09,코스닥 150,REMOVE,KR7243070000,243070,휴온스
2023-06-09,코스닥 150,REMOVE,KR7256840000,256840,한국비엔씨
2023-06-20,코스닥 150,ADD,KR7230240004,230240,에치에프알
2023-06-20,코스닥 150,REMOVE,KR7090460007,090460,비에이치
2023-08-08,코스닥 150,ADD,KR7101670008,101670,하이드로리튬
2023-08-08,코스닥 150,REMOVE,KR7030190003,030190,NICE평가정보
2023-09-15,코스닥 150,ADD,KR7043150002,043150,바텍
2023-09-15,코스닥 150,REMOVE,KR7085370005,085370,루트로닉
2023-12-15,코스닥 150,ADD,KR7053610002,053610,프로텍
2023-12-15,코스닥 150,ADD,KR7058610007,058610,에스피지
2023-12-15,코스닥 150,ADD,KR7058970005,058970,엠로
2023-12-15,코스닥 150,ADD,KR7060280005,060280,큐렉소
2023-12-15,코스닥 150,ADD,KR7095660007,095660,네오위즈
2023-12-15,코스닥 150,ADD,KR7099190001,099190,아이센스
2023-12-15,코스닥 150,ADD,KR7108860008,108860,셀바스AI
2023-12-15,코스닥 150,ADD,KR7114190002,114190,강원에너지
2023-12-15,코스닥 150,ADD,KR7118990001,118990,모트렉스
2023-12-15,코스닥 150,ADD,KR7194480000,194480,데브시스터즈
2023-12-15,코스닥 150,ADD,KR7204270003,204270,제이앤티씨
2023-12-15,코스닥 150,ADD,KR7299030007,299030,하나기술
2023-12-15,코스닥 150,ADD,KR7310210000,310210,보로노이
2023-12-15,코스닥 150,ADD,KR7328130000,328130,루닛
2023-12-15,코스닥 150,ADD,KR7336570007,336570,원텍
2023-12-15,코스닥 150,ADD,KR7360070007,360070,탑머티리얼
2023-12-15,코스닥 150,ADD,KR7418550000,418550,제이오
2023-12-15,코스닥 150,REMOVE,KR7003100005,003100,선광
2023-12-15,코스닥 150,REMOVE,KR7027360007,027360,아주IB투자
2023-12-15,코스닥 150,REMOVE,KR7029960002,029960,코엔텍
2023-12-15,코스닥 150,REMOVE,KR7030530000,030530,원익홀딩스
2023-12-15,코스닥 150,REMOVE,KR7038500005,038500,삼표시멘트
2023-12-15,코스닥 150,REMOVE,KR7038540001,038540,상상인
2023-12-15,코스닥 150,REMOVE,KR7060150000,060150,인선이엔티
2023-12-15,코스닥 150,REMOVE,KR7064260003,064260,다날
2023-12-15,코스닥 150,REMOVE,KR7084990001,084990,헬릭스미스
2023-12-15,코스닥 150,REMOVE,KR7091990002,091990,셀트리온헬스케어
2023-12-15,코스닥 150,REMOVE,KR7092040005,092040,아미코젠
2023-12-15,코스닥 150,REMOVE,KR7104480009,104480,티케이케미칼
2023-12-15,코스닥 150,REMOVE,KR7104830005,104830,원익머트리얼즈
2023-12-15,코스닥 150,REMOVE,KR7205470008,205470,휴마시스
2023-12-15,코스닥 150,REMOVE,KR7235980000,235980,메드팩토
2023-12-15,코스닥 150,REMOVE,KR7294570007,294570,쿠콘
2023-12-15,코스닥 150,REMOVE,KR7299900001,299900,위지윅스튜디오
2024-01-02,코스닥 150,ADD,KR7425040003,425040,티이엠씨
2024-01-02,코스닥 150,REMOVE,KR7022100002,022100,포스코DX
2024-01-29,코스닥 150,ADD,KR7042600007,042600,새로닉스
2024-01-29,코스닥 150,REMOVE,KR7066970005,066970,엘앤에프
2024-03-26,코스닥 150,ADD,KR7031980006,031980,피에스케이홀딩스
2024-03-26,코스닥 150,REMOVE,KR7052020005,052020,에스티큐브
2024-04-16,코스닥 150,ADD,KR7352480008,352480,씨앤씨인터내셔널
2024-04-16,코스닥 150,REMOVE,KR7016790008,016790,카나리아바이오
2024-05-02,코스닥 150,ADD,KR7358570000,358570,지아이이노베이션
2024-05-02,코스닥 150,REMOVE,KR7182400002,182400,엔케이맥스
2024-06-14,코스닥 150,ADD,KR7018290007,018290,브이티
2024-06-14,코스닥 150,ADD,KR7025320003,025320,시노펙스
2024-06-14,코스닥 150,ADD,KR7033100009,033100,제룡전기
2024-06-14,코스닥 150,ADD,KR7080220007,080220,제주반도체
2024-06-14,코스닥 150,ADD,KR7087010005,087010,펩트론
2024-06-14,코스닥 150,ADD,KR7089030001,089030,테크윙
2024-06-14,코스닥 150,ADD,KR7094360005,094360,칩스앤미디어
2024-06-14,코스닥 150,ADD,KR7179900006,179900,유티아이
2024-06-14,코스닥 150,ADD,KR7257720003,257720,실리콘투
2024-06-14,코스닥 150,ADD,KR7394280002,394280,오픈엣지테크놀로지
2024-06-14,코스닥 150,ADD,KR7399720002,399720,가온칩스
2024-06-14,코스닥 150,ADD,KR7417200003,417200,LS머트리얼즈
2024-06-14,코스닥 150,ADD,KR7420770000,420770,기가비스
2024-06-14,코스닥 150,REMOVE,KR7033290008,033290,코웰패션
2024-06-14,코스닥 150,REMOVE,KR7041960006,041960,코미팜
2024-06-14,코스닥 150,REMOVE,KR7042600007,042600,새로닉스
2024-06-14,코스닥 150,REMOVE,KR7061970000,061970,LB세미콘
2024-06-14,코스닥 150,REMOVE,KR7073570004,073570,리튬포어스
2024-06-14,코스닥 150,REMOVE,KR7080160005,080160,모두투어
2024-06-14,코스닥 150,REMOVE,KR7086390002,086390,유니테스트
2024-06-14,코스닥 150,REMOVE,KR7089980007,089980,상아프론테크
2024-06-14,코스닥 150,REMOVE,KR7095700001,095700,제넥신
2024-06-14,코스닥 150,REMOVE,KR7101670008,101670,하이드로리튬
2024-06-14,코스닥 150,REMOVE,KR7230240004,230240,에치에프알
2024-06-14,코스닥 150,REMOVE,KR7294090006,294090,이오플로우
2024-06-14,코스닥 150,REMOVE,KR7298540006,298540,더네이쳐홀딩스
2024-06-24,코스닥 150,ADD,KR7101360006,101360,에코앤드림
2024-06-24,코스닥 150,REMOVE,KR7034230003,034230,파라다이스
2024-08-16,코스닥 150,ADD,KR7069080000,069080,웹젠
2024-08-16,코스닥 150,REMOVE,KR7119860005,119860,커넥트웨이브
2024-09-25,코스닥 150,ADD,KR7115450009,115450,HLB테라퓨틱스
2024-09-25,코스닥 150,REMOVE,KR7287410005,287410,제이시스메디칼
2024-12-13,코스닥 150,ADD,KR7042000000,042000,카페24
2024-12-13,코스닥 150,ADD,KR7065350001,065350,신성델타테크
2024-12-13,코스닥 150,ADD,KR7114840002,114840,아이패밀리에스씨
2024-12-13,코스닥 150,ADD,KR7171090004,171090,선익시스템
2024-12-13,코스닥 150,ADD,KR7232140004,232140,와이씨
2024-12-13,코스닥 150,ADD,KR7241710003,241710,코스메카코리아
2024-12-13,코스닥 150,ADD,KR7253590004,253590,네오셈
2024-12-13,코스닥 150,ADD,KR7317330009,317330,덕산테코피아
2024-12-13,코스닥 150,REMOVE,KR7025770009,025770,한국정보통신
2024-12-13,코스닥 150,REMOVE,KR7043150002,043150,바텍
2024-12-13,코스닥 150,REMOVE,KR7060720000,060720,KH바텍
2024-12-13,코스닥 150,REMOVE,KR7114190002,114190,강원에너지
2024-12-13,코스닥 150,REMOVE,KR7215600008,215600,신라젠
2024-12-13,코스닥 150,REMOVE,KR7299030007,299030,하나기술
2024-12-13,코스닥 150,REMOVE,KR7323990002,323990,박셀바이오
2024-12-13,코스닥 150,REMOVE,KR7360070007,360070,탑머티리얼
2025-03-26,코스닥 150,ADD,KR7053030003,053030,바이넥스
2025-03-26,코스닥 150,REMOVE,KR7067630004,067630,HLB생명과학
2025-06-13,코스닥 150,ADD,KR7014620009,014620,성광벤드
2025-06-13,코스닥 150,ADD,KR7033500000,033500,동성화인텍
2025-06-13,코스닥 150,ADD,KR7034950006,034950,한국기업평가
2025-06-13,코스닥 150,ADD,KR7050890003,050890,쏠리드
2025-06-13,코스닥 150,ADD,KR7079370003,079370,제우스
2025-06-13,코스닥 150,ADD,KR7101730000,101730,위메이드맥스
2025-06-13,코스닥 150,ADD,KR7160190005,160190,하이젠알앤엠
2025-06-13,코스닥 150,ADD,KR7161580006,161580,필옵틱스
2025-06-13,코스닥 150,ADD,KR7323280008,323280,태성
2025-06-13,코스닥 150,REMOVE,KR7033640004,033640,네패스
2025-06-13,코스닥 150,REMOVE,KR7035600006,035600,KG이니시스
2025-06-13,코스닥 150,REMOVE,KR7068240001,068240,다원시스
2025-06-13,코스닥 150,REMOVE,KR7118990001,118990,모트렉스
2025-06-13,코스닥 150,REMOVE,KR7144510005,144510,지씨셀
2025-06-13,코스닥 150,REMOVE,KR7372170001,372170,윤성에프앤씨
2025-06-13,코스닥 150,REMOVE,KR7393890009,393890,더블유씨피
2025-06-13,코스닥 150,REMOVE,KR7418550000,418550,제이오
2025-06-13,코스닥 150,REMOVE,KR7425040003,425040,티이엠씨
2025-12-12,코스닥 150,ADD,KR7032820003,032820,우리기술
2025-12-12,코스닥 150,ADD,KR7036620003,036620,감성코퍼레이션
2025-12-12,코스닥 150,ADD,KR7052400009,052400,코나아이
2025-12-12,코스닥 150,ADD,KR7056080005,056080,유진로봇
2025-12-12,코스닥 150,ADD,KR7059090001,059090,미코
2025-12-12,코스닥 150,ADD,KR7060370004,060370,LS마린솔루션
2025-12-12,코스닥 150,ADD,KR7083650002,083650,비에이치아이
2025-12-12,코스닥 150,ADD,KR7108490004,108490,로보티즈
2025-12-12,코스닥 150,ADD,KR7211050000,211050,인카금융서비스
2025-12-12,코스닥 150,ADD,KR7214430001,214430,아이쓰리시스템
2025-12-12,코스닥 150,ADD,KR7226950004,226950,올릭스
2025-12-12,코스닥 150,ADD,KR7251970000,251970,펌텍코리아
2025-12-12,코스닥 150,ADD,KR7304100001,304100,솔트룩스
2025-12-12,코스닥 150,ADD,KR7347850000,347850,디앤디파마텍
2025-12-12,코스닥 150,ADD,KR7388720005,388720,유일로보틱스
2025-12-12,코스닥 150,ADD,KR7466100005,466100,클로봇
2025-12-12,코스닥 150,REMOVE,KR7034950006,034950,한국기업평가
2025-12-12,코스닥 150,REMOVE,KR7049070006,049070,인탑스
2025-12-12,코스닥 150,REMOVE,KR7053610002,053610,프로텍
2025-12-12,코스닥 150,REMOVE,KR7064550007,064550,바이오니아
2025-12-12,코스닥 150,REMOVE,KR7084850007,084850,아이티엠반도체
2025-12-12,코스닥 150,REMOVE,KR7091120006,091120,이엠텍
2025-12-12,코스닥 150,REMOVE,KR7091700005,091700,파트론
2025-12-12,코스닥 150,REMOVE,KR7094360005,094360,칩스앤미디어
2025-12-12,코스닥 150,REMOVE,KR7095500005,095500,미래나노텍
2025-12-12,코스닥 150,REMOVE,KR7099190001,099190,아이센스
2025-12-12,코스닥 150,REMOVE,KR7114840002,114840,아이패밀리에스씨
2025-12-12,코스닥 150,REMOVE,KR7115450009,115450,HLB테라퓨틱스
2025-12-12,코스닥 150,REMOVE,KR7267980001,267980,매일유업
2025-12-12,코스닥 150,REMOVE,KR7317330009,317330,덕산테코피아
2025-12-12,코스닥 150,REMOVE,KR7394280002,394280,오픈엣지테크놀로지
2025-12-12,코스닥 150,REMOVE,KR7420770000,420770,기가비스
2026-03-13,코스닥 150,ADD,KR70009K0001,0009K0,에임드바이오
2026-03-13,코스닥 150,REMOVE,KR7108860008,108860,셀바스AI
2026-03-20,코스닥 150,ADD,KR7445680002,445680,큐리옥스바이오시스템즈
2026-03-20,코스닥 150,REMOVE,KR7140410002,140410,메지온
2026-03-26,코스닥 150,ADD,KR7460930001,460930,현대힘스
2026-03-26,코스닥 150,REMOVE,KR7160190005,160190,하이젠알앤엠
2026-03-27,코스닥 150,ADD,KR7108860008,108860,셀바스AI
2026-03-27,코스닥 150,REMOVE,KR7179900006,179900,유티아이
1999-01-04,코스피 200,ADD,KR7009320003,009320,대우부품
1999-01-08,코스피 200,ADD,KR7005830005,005830,동부화재
1999-01-11,코스피 200,ADD,KR7006350003,006350,전북은행
1999-01-26,코스피 200,ADD,KR7000400002,000400,롯데손해보험
1999-03-12,코스피 200,ADD,KR7030200000,030200,KT
1999-03-12,코스피 200,REMOVE,KR7005950001,005950,이수화학
1999-03-22,코스피 200,ADD,KR7005190004,005190,동성화학
1999-03-22,코스피 200,ADD,KR7011160009,011160,두산건설
1999-04-08,코스피 200,ADD,KR7009680000,009680,모토닉
1999-04-14,코스피 200,ADD,KR7003070000,003070,코오롱건설
1999-04-14,코스피 200,REMOVE,KR7012090007,012090,성원건설
1999-04-15,코스피 200,ADD,KR7004140000,004140,동방
1999-06-11,코스피 200,ADD,KR7000390005,000390,삼화페인트
1999-06-11,코스피 200,ADD,KR7001510007,001510,SK증권
1999-06-11,코스피 200,ADD,KR7002170009,002170,삼양통상
1999-06-11,코스피 200,ADD,KR7002200004,002200,수출포장
1999-06-11,코스피 200,ADD,KR7002960003,002960,한국쉘석유
1999-06-11,코스피 200,ADD,KR7003160009,003160,디아이
1999-06-11,코스피 200,ADD,KR7004830006,004830,덕성
1999-06-11,코스피 200,ADD,KR7005180005,005180,빙그레
1999-06-11,코스피 200,ADD,KR7005500004,005500,삼진제약
1999-06-11,코스피 200,ADD,KR7005680004,005680,삼영전자
1999-06-11,코스피 200,ADD,KR7005720008,005720,넥센
1999-06-11,코스피 200,ADD,KR7005950001,005950,이수화학
1999-06-11,코스피 200,ADD,KR7007540008,007540,샘표식품
1999-06-11,코스피 200,ADD,KR7007810005,007810,코리아써키트
1999-06-11,코스피 200,ADD,KR7008490005,008490,서흥캅셀
1999-06-11,코스피 200,ADD,KR7008600009,008600,미래와사람
1999-06-11,코스피 200,ADD,KR7008730004,008730,율촌화학
1999-06-11,코스피 200,ADD,KR7008810004,008810,LG종금
1999-06-11,코스피 200,ADD,KR7009050006,009050,대한알미늄
1999-06-11,코스피 200,ADD,KR7009200007,009200,무림페이퍼
1999-06-11,코스피 200,ADD,KR7009280009,009280,다함이텍
1999-06-11,코스피 200,ADD,KR7010110005,010110,고려화학
1999-06-11,코스피 200,ADD,KR7011050002,011050,케드콤
1999-06-11,코스피 200,ADD,KR7011090008,011090,에넥스
1999-06-11,코스피 200,ADD,KR7011280005,011280,태림포장
1999-06-11,코스피 200,ADD,KR7011300001,011300,성안
1999-06-11,코스피 200,ADD,KR7011790003,011790,SKC
1999-06-11,코스피 200,ADD,KR7012200002,012200,계양전기
1999-06-11,코스피 200,ADD,KR7012610002,012610,경인양행
1999-06-11,코스피 200,ADD,KR7012800009,012800,대창공업
1999-06-11,코스피 200,ADD,KR7017900002,017900,광전자
1999-06-11,코스피 200,ADD,KR7018550004,018550,한국안전유리
1999-06-11,코스피 200,ADD,KR7019300003,019300,동일제지
1999-06-11,코스피 200,ADD,KR7023960008,023960,에쓰씨엔지니어링
1999-06-11,코스피 200,ADD,KR7024890006,024890,대원화성
1999-06-11,코스피 200,ADD,KR7025000001,025000,KPX케미칼
1999-06-11,코스피 200,ADD,KR7025530007,025530,SJM
1999-06-11,코스피 200,ADD,KR7025560004,025560,미래산업
1999-06-11,코스피 200,ADD,KR7025930009,025930,팬택
1999-06-11,코스피 200,ADD,KR7027840008,027840,고덴시
1999-06-11,코스피 200,ADD,KR7029460003,029460,케이씨텍
1999-06-11,코스피 200,ADD,KR7031820004,031820,콤텍시스템
1999-06-11,코스피 200,REMOVE,KR7000060004,000060,메리츠화재
1999-06-11,코스피 200,REMOVE,KR7000120006,000120,대한통운
1999-06-11,코스피 200,REMOVE,KR7000230003,000230,일동제약
1999-06-11,코스피 200,REMOVE,KR7000400002,000400,롯데손해보험
1999-06-11,코스피 200,REMOVE,KR7000800003,000800,경남기업
1999-06-11,코스피 200,REMOVE,KR7001120005,001120,LG상사
1999-06-11,코스피 200,REMOVE,KR7001160001,001160,신원제이엠씨
1999-06-11,코스피 200,REMOVE,KR7001310002,001310,풍림산업
1999-06-11,코스피 200,REMOVE,KR7001370006,001370,FnC코오롱
1999-06-11,코스피 200,REMOVE,KR7001380005,001380,SG글로벌
1999-06-11,코스피 200,REMOVE,KR7001450006,001450,현대해상
1999-06-11,코스피 200,REMOVE,KR7001470004,001470,삼부토건
1999-06-11,코스피 200,REMOVE,KR7001720002,001720,신영증권
1999-06-11,코스피 200,REMOVE,KR7001740000,001740,SK네트웍스
1999-06-11,코스피 200,REMOVE,KR7001980002,001980,대호
1999-06-11,코스피 200,REMOVE,KR7002320000,002320,한진
1999-06-11,코스피 200,REMOVE,KR7002550002,002550,LIG손해보험
1999-06-11,코스피 200,REMOVE,KR7002950004,002950,두산건설
1999-06-11,코스피 200,REMOVE,KR7003070000,003070,코오롱건설
1999-06-11,코스피 200,REMOVE,KR7003470002,003470,동양종금증권
1999-06-11,코스피 200,REMOVE,KR7003690005,003690,코리안리
1999-06-11,코스피 200,REMOVE,KR7004140000,004140,동방
1999-06-11,코스피 200,REMOVE,KR7004550000,004550,대우차판매
1999-06-11,코스피 200,REMOVE,KR7004690004,004690,삼천리
1999-06-11,코스피 200,REMOVE,KR7005110002,005110,한창
1999-06-11,코스피 200,REMOVE,KR7005270004,005270,대구은행
1999-06-11,코스피 200,REMOVE,KR7005280003,005280,부산은행
1999-06-11,코스피 200,REMOVE,KR7005660006,005660,한진건설
1999-06-11,코스피 200,REMOVE,KR7005770003,005770,광주은행
1999-06-11,코스피 200,REMOVE,KR7005830005,005830,동부화재
1999-06-11,코스피 200,REMOVE,KR7006160006,006160,신화건설
1999-06-11,코스피 200,REMOVE,KR7006350003,006350,전북은행
1999-06-11,코스피 200,REMOVE,KR7006610000,006610,경남은행
1999-06-11,코스피 200,REMOVE,KR7008400004,008400,C&중공업
1999-06-11,코스피 200,REMOVE,KR7009410002,009410,태영건설
1999-06-11,코스피 200,REMOVE,KR7009760000,009760,한국컴퓨터지주
1999-06-11,코스피 200,REMOVE,KR7015360001,015360,예스코
1999-06-11,코스피 200,REMOVE,KR7016800005,016800,퍼시스
1999-06-11,코스피 200,REMOVE,KR7017390006,017390,서울가스
1999-06-11,코스피 200,REMOVE,KR7025850009,025850,KPX화인케미칼
1999-06-11,코스피 200,REMOVE,KR7026870006,026870,대한가스
1999-06-11,코스피 200,REMOVE,KR7030210009,030210,KTB투자증권
1999-07-22,코스피 200,ADD,KR7016880007,016880,웅진홀딩스
1999-09-10,코스피 200,ADD,KR7001200005,001200,유진투자증권
1999-09-10,코스피 200,ADD,KR7005270004,005270,대구은행
1999-09-10,코스피 200,REMOVE,KR7000110007,000110,제일은행
1999-09-10,코스피 200,REMOVE,KR7002860005,002860,하나은행
1999-10-27,코스피 200,ADD,KR7017300005,017300,KDS
1999-11-01,코스피 200,ADD,KR7001720002,001720,신영증권
1999-12-10,코스피 200,ADD,KR7000760009,000760,이화산업
1999-12-10,코스피 200,ADD,KR7009540006,009540,현대중공업
1999-12-10,코스피 200,ADD,KR7009970005,009970,영원무역
1999-12-10,코스피 200,ADD,KR7016590002,016590,신대양제지
1999-12-10,코스피 200,ADD,KR7033780008,033780,KT&G
1999-12-10,코스피 200,REMOVE,KR7000200006,000200,대우중공업
1999-12-10,코스피 200,REMOVE,KR7003620002,003620,쌍용차
1999-12-10,코스피 200,REMOVE,KR7003810009,003810,대우
1999-12-10,코스피 200,REMOVE,KR7005060009,005060,대우통신
1999-12-10,코스피 200,REMOVE,KR7007410004,007410,대우전자
2000-04-12,코스피 200,ADD,KR7024900003,024900,덕양산업
2000-04-17,코스피 200,ADD,KR7011930005,011930,신성홀딩스
2000-05-04,코스피 200,ADD,KR7010150001,010150,한국코아
2000-05-29,코스피 200,ADD,KR7014040000,014040,GPS
2000-05-29,코스피 200,REMOVE,KR7014160006,014160,대영포장
2000-06-09,코스피 200,ADD,KR7000270009,000270,기아차
2000-06-09,코스피 200,ADD,KR7000810002,000810,삼성화재
2000-06-09,코스피 200,ADD,KR7001210004,001210,금호전기
2000-06-09,코스피 200,ADD,KR7001740000,001740,SK네트웍스
2000-06-09,코스피 200,ADD,KR7004130001,004130,대덕GDS
2000-06-09,코스피 200,ADD,KR7007860000,007860,한일이화
2000-06-09,코스피 200,ADD,KR7009180001,009180,한솔CSN
2000-06-09,코스피 200,ADD,KR7009270000,009270,신원
2000-06-09,코스피 200,ADD,KR7009890005,009890,맥슨텔레콤
2000-06-09,코스피 200,ADD,KR7010060002,010060,동양제철화학
2000-06-09,코스피 200,ADD,KR7011690005,011690,유양디앤유
2000-06-09,코스피 200,ADD,KR7012750006,012750,에스원
2000-06-09,코스피 200,ADD,KR7014440002,014440,영보화학
2000-06-09,코스피 200,ADD,KR7014740005,014740,금호케미칼
2000-06-09,코스피 200,ADD,KR7017810003,017810,풀무원홀딩스
2000-06-09,코스피 200,ADD,KR7019490002,019490,하이트론
2000-06-09,코스피 200,ADD,KR7020000006,020000,한섬
2000-06-09,코스피 200,ADD,KR7023590003,023590,다우기술
2000-06-09,코스피 200,ADD,KR7024070005,024070,WISCOM
2000-06-09,코스피 200,ADD,KR7025850009,025850,KPX화인케미칼
2000-06-09,코스피 200,ADD,KR7026890004,026890,디피씨
2000-06-09,코스피 200,ADD,KR7030000004,030000,제일기획
2000-06-09,코스피 200,REMOVE,KR7000180000,000180,성창기업
2000-06-09,코스피 200,REMOVE,KR7000360008,000360,삼환기업
2000-06-09,코스피 200,REMOVE,KR7000390005,000390,삼화페인트
2000-06-09,코스피 200,REMOVE,KR7000420000,000420,로케트전기
2000-06-09,코스피 200,REMOVE,KR7001020007,001020,페이퍼코리아
2000-06-09,코스피 200,REMOVE,KR7001150002,001150,서통
2000-06-09,코스피 200,REMOVE,KR7001200005,001200,유진투자증권
2000-06-09,코스피 200,REMOVE,KR7001720002,001720,신영증권
2000-06-09,코스피 200,REMOVE,KR7002170009,002170,삼양통상
2000-06-09,코스피 200,REMOVE,KR7002960003,002960,한국쉘석유
2000-06-09,코스피 200,REMOVE,KR7003540002,003540,대신증권
2000-06-09,코스피 200,REMOVE,KR7003610003,003610,방림
2000-06-09,코스피 200,REMOVE,KR7005270004,005270,대구은행
2000-06-09,코스피 200,REMOVE,KR7005440003,005440,현대H&S
2000-06-09,코스피 200,REMOVE,KR7005620000,005620,대성산업
2000-06-09,코스피 200,REMOVE,KR7007540008,007540,샘표식품
2000-06-09,코스피 200,REMOVE,KR7008490005,008490,서흥캅셀
2000-06-09,코스피 200,REMOVE,KR7008600009,008600,미래와사람
2000-06-09,코스피 200,REMOVE,KR7008770000,008770,호텔신라
2000-06-09,코스피 200,REMOVE,KR7009320003,009320,대우부품
2000-06-09,코스피 200,REMOVE,KR7009970005,009970,영원무역
2000-06-09,코스피 200,REMOVE,KR7016590002,016590,신대양제지
2000-08-30,코스피 200,ADD,KR7002350007,002350,넥센타이어
2000-08-30,코스피 200,REMOVE,KR7011650009,011650,LG정보
2000-11-02,코스피 200,ADD,KR7001980002,001980,대호
2000-11-02,코스피 200,REMOVE,KR7000280008,000280,동아건설
2000-12-19,코스피 200,ADD,KR7030210009,030210,KTB투자증권
2000-12-19,코스피 200,REMOVE,KR7000030007,000030,한빛은행
2001-01-16,코스피 200,ADD,KR7003680006,003680,한성기업
2001-03-05,코스피 200,ADD,KR7002950004,002950,두산건설
2001-03-05,코스피 200,REMOVE,KR7011160009,011160,두산건설
2001-03-30,코스피 200,ADD,KR7010770006,010770,평화홀딩스
2001-04-02,코스피 200,ADD,KR7003070000,003070,코오롱건설
2001-04-02,코스피 200,ADD,KR7008480006,008480,KEP전자
2001-04-02,코스피 200,ADD,KR7009190000,009190,대양금속
2001-04-02,코스피 200,ADD,KR7015860000,015860,일진홀딩스
2001-04-02,코스피 200,ADD,KR7018590000,018590,KNC
2001-04-02,코스피 200,ADD,KR7023800006,023800,인지컨트롤스
2001-04-02,코스피 200,REMOVE,KR7000720003,000720,현대건설
2001-04-02,코스피 200,REMOVE,KR7003410008,003410,쌍용양회
2001-04-02,코스피 200,REMOVE,KR7004390001,004390,오리온전기
2001-04-02,코스피 200,REMOVE,KR7004460002,004460,고합
2001-04-02,코스피 200,REMOVE,KR7004660007,004660,신동방CP
2001-04-02,코스피 200,REMOVE,KR7009890005,009890,맥슨텔레콤
2001-04-16,코스피 200,ADD,KR7001690007,001690,두산테크팩
2001-04-16,코스피 200,REMOVE,KR7002740009,002740,동양화학
2001-06-15,코스피 200,ADD,KR7000320002,000320,디피아이홀딩스
2001-06-15,코스피 200,ADD,KR7000390005,000390,삼화페인트
2001-06-15,코스피 200,ADD,KR7001570001,001570,금양
2001-06-15,코스피 200,ADD,KR7001620004,001620,동국실업
2001-06-15,코스피 200,ADD,KR7003540002,003540,대신증권
2001-06-15,코스피 200,ADD,KR7005600002,005600,중앙제지
2001-06-15,코스피 200,ADD,KR7006250005,006250,극동전선
2001-06-15,코스피 200,ADD,KR7006650006,006650,대한유화
2001-06-15,코스피 200,ADD,KR7007210008,007210,벽산
2001-06-15,코스피 200,ADD,KR7007700008,007700,F&F
2001-06-15,코스피 200,ADD,KR7009330002,009330,삼애인더스
2001-06-15,코스피 200,ADD,KR7009760000,009760,한국컴퓨터지주
2001-06-15,코스피 200,ADD,KR7011810009,011810,STX
2001-06-15,코스피 200,ADD,KR7013520002,013520,화승알앤에이
2001-06-15,코스피 200,ADD,KR7016580003,016580,환인제약
2001-06-15,코스피 200,ADD,KR7019930007,019930,기라정보통신
2001-06-15,코스피 200,ADD,KR7033240003,033240,자화전자
2001-06-15,코스피 200,ADD,KR7035150002,035150,백산
2001-06-15,코스피 200,ADD,KR7036460004,036460,한국가스공사
2001-06-15,코스피 200,REMOVE,KR7002310001,002310,아세아제지
2001-06-15,코스피 200,REMOVE,KR7004130001,004130,대덕GDS
2001-06-15,코스피 200,REMOVE,KR7005070008,005070,새한미디어
2001-06-15,코스피 200,REMOVE,KR7005680004,005680,삼영전자
2001-06-15,코스피 200,REMOVE,KR7005720008,005720,넥센
2001-06-15,코스피 200,REMOVE,KR7005890009,005890,동원증권
2001-06-15,코스피 200,REMOVE,KR7006040000,006040,동원산업
2001-06-15,코스피 200,REMOVE,KR7006750004,006750,센추리
2001-06-15,코스피 200,REMOVE,KR7008000002,008000,웅진케미칼
2001-06-15,코스피 200,REMOVE,KR7009180001,009180,한솔CSN
2001-06-15,코스피 200,REMOVE,KR7009190000,009190,대양금속
2001-06-15,코스피 200,REMOVE,KR7011300001,011300,성안
2001-06-15,코스피 200,REMOVE,KR7011760006,011760,현대상사
2001-06-15,코스피 200,REMOVE,KR7015860000,015860,일진홀딩스
2001-06-15,코스피 200,REMOVE,KR7017900002,017900,광전자
2001-06-15,코스피 200,REMOVE,KR7023800006,023800,인지컨트롤스
2001-06-15,코스피 200,REMOVE,KR7024070005,024070,WISCOM
2001-06-15,코스피 200,REMOVE,KR7027840008,027840,고덴시
2001-06-15,코스피 200,REMOVE,KR7030210009,030210,KTB투자증권
2001-07-02,코스피 200,ADD,KR7004910006,004910,조광페인트
2001-07-02,코스피 200,REMOVE,KR7005870001,005870,휴니드
2001-09-03,코스피 200,ADD,KR7016570004,016570,태평양제약
2001-09-03,코스피 200,REMOVE,KR7006290001,006290,인천정유
2001-09-11,코스피 200,ADD,KR7055550008,055550,신한지주
2001-09-21,코스피 200,ADD,KR7015260003,015260,큐엔텍코리아
2001-09-21,코스피 200,REMOVE,KR7007630007,007630,지에스인스트루
2001-09-28,코스피 200,ADD,KR7002250009,002250,근화제약
2001-09-28,코스피 200,REMOVE,KR7009330002,009330,삼애인더스
2001-10-29,코스피 200,ADD,KR7000480004,000480,조선내화
2001-10-29,코스피 200,REMOVE,KR7017300005,017300,KDS
2001-11-09,코스피 200,ADD,KR7005890009,005890,동원증권
2001-11-12,코스피 200,ADD,KR7060000007,060000,국민은행
2001-12-27,코스피 200,ADD,KR7002900009,002900,동양물산
2001-12-27,코스피 200,REMOVE,KR7001690007,001690,두산테크팩
2002-01-30,코스피 200,ADD,KR7006660005,006660,삼성공조
2002-01-30,코스피 200,REMOVE,KR7018360008,018360,메디슨
2002-03-22,코스피 200,ADD,KR7009080003,009080,퍼시픽글라스
2002-03-22,코스피 200,REMOVE,KR7014040000,014040,GPS
2002-03-25,코스피 200,ADD,KR7001820000,001820,삼화콘덴서
2002-03-25,코스피 200,REMOVE,KR7008480006,008480,KEP전자
2002-06-14,코스피 200,ADD,KR7000180000,000180,성창기업
2002-06-14,코스피 200,ADD,KR7000720003,000720,현대건설
2002-06-14,코스피 200,ADD,KR7000970004,000970,한국주철관
2002-06-14,코스피 200,ADD,KR7002270007,002270,롯데삼강
2002-06-14,코스피 200,ADD,KR7003120003,003120,일성신약
2002-06-14,코스피 200,ADD,KR7003410008,003410,쌍용양회
2002-06-14,코스피 200,ADD,KR7003620002,003620,쌍용차
2002-06-14,코스피 200,ADD,KR7004130001,004130,대덕GDS
2002-06-14,코스피 200,ADD,KR7005010004,005010,휴스틸
2002-06-14,코스피 200,ADD,KR7005440003,005440,현대H&S
2002-06-14,코스피 200,ADD,KR7005680004,005680,삼영전자
2002-06-14,코스피 200,ADD,KR7006380000,006380,카프로
2002-06-14,코스피 200,ADD,KR7006600001,006600,동신제약
2002-06-14,코스피 200,ADD,KR7006840003,006840,애경유화
2002-06-14,코스피 200,ADD,KR7008970006,008970,동양철관
2002-06-14,코스피 200,ADD,KR7011230000,011230,삼화전자
2002-06-14,코스피 200,ADD,KR7011840006,011840,계몽사
2002-06-14,코스피 200,ADD,KR7015670003,015670,AP우주통신
2002-06-14,코스피 200,ADD,KR7017900002,017900,광전자
2002-06-14,코스피 200,ADD,KR7024070005,024070,WISCOM
2002-06-14,코스피 200,ADD,KR7025540006,025540,한국단자
2002-06-14,코스피 200,ADD,KR7032710006,032710,LG카드
2002-06-14,코스피 200,ADD,KR7034020008,034020,두산중공업
2002-06-14,코스피 200,ADD,KR7042660001,042660,대우조선해양
2002-06-14,코스피 200,ADD,KR7042670000,042670,두산인프라코어
2002-06-14,코스피 200,ADD,KR7047040001,047040,대우건설
2002-06-14,코스피 200,ADD,KR7051900009,051900,LG생활건강
2002-06-14,코스피 200,ADD,KR7051910008,051910,LG화학
2002-06-14,코스피 200,ADD,KR7066570003,066570,LG전자
2002-06-14,코스피 200,REMOVE,KR7001620004,001620,동국실업
2002-06-14,코스피 200,REMOVE,KR7001820000,001820,삼화콘덴서
2002-06-14,코스피 200,REMOVE,KR7001980002,001980,대호
2002-06-14,코스피 200,REMOVE,KR7002900009,002900,동양물산
2002-06-14,코스피 200,REMOVE,KR7002950004,002950,두산건설
2002-06-14,코스피 200,REMOVE,KR7003070000,003070,코오롱건설
2002-06-14,코스피 200,REMOVE,KR7003680006,003680,한성기업
2002-06-14,코스피 200,REMOVE,KR7004710000,004710,한솔LCD
2002-06-14,코스피 200,REMOVE,KR7004910006,004910,조광페인트
2002-06-14,코스피 200,REMOVE,KR7005190004,005190,동성화학
2002-06-14,코스피 200,REMOVE,KR7005250006,005250,녹십자홀딩스
2002-06-14,코스피 200,REMOVE,KR7005600002,005600,중앙제지
2002-06-14,코스피 200,REMOVE,KR7005890009,005890,동원증권
2002-06-14,코스피 200,REMOVE,KR7006250005,006250,극동전선
2002-06-14,코스피 200,REMOVE,KR7007610009,007610,선도전기
2002-06-14,코스피 200,REMOVE,KR7011050002,011050,케드콤
2002-06-14,코스피 200,REMOVE,KR7011090008,011090,에넥스
2002-06-14,코스피 200,REMOVE,KR7011200003,011200,현대상선
2002-06-14,코스피 200,REMOVE,KR7011280005,011280,태림포장
2002-06-14,코스피 200,REMOVE,KR7011690005,011690,유양디앤유
2002-06-14,코스피 200,REMOVE,KR7012800009,012800,대창공업
2002-06-14,코스피 200,REMOVE,KR7016160004,016160,오라에너지
2002-06-14,코스피 200,REMOVE,KR7016570004,016570,태평양제약
2002-06-14,코스피 200,REMOVE,KR7018590000,018590,KNC
2002-06-14,코스피 200,REMOVE,KR7019300003,019300,동일제지
2002-06-14,코스피 200,REMOVE,KR7023590003,023590,다우기술
2002-06-14,코스피 200,REMOVE,KR7023960008,023960,에쓰씨엔지니어링
2002-06-14,코스피 200,REMOVE,KR7024890006,024890,대원화성
2002-06-14,코스피 200,REMOVE,KR7025830001,025830,한국합섬
2002-09-13,코스피 200,ADD,KR7053000006,053000,우리금융
2002-09-13,코스피 200,REMOVE,KR7015260003,015260,큐엔텍코리아
2002-12-09,코스피 200,ADD,KR7015260003,015260,큐엔텍코리아
2002-12-09,코스피 200,REMOVE,KR7019930007,019930,기라정보통신
2002-12-16,코스피 200,ADD,KR7002860005,002860,하나은행
2003-02-27,코스피 200,ADD,KR7008770000,008770,호텔신라
2003-02-27,코스피 200,REMOVE,KR7002610004,002610,LGEI
2003-04-01,코스피 200,ADD,KR7001120005,001120,LG상사
2003-04-01,코스피 200,REMOVE,KR7001740000,001740,SK네트웍스
2003-04-23,코스피 200,ADD,KR7001620004,001620,동국실업
2003-04-23,코스피 200,REMOVE,KR7001230002,001230,동국제강
2003-04-30,코스피 200,ADD,KR7005190004,005190,동성화학
2003-04-30,코스피 200,REMOVE,KR7011840006,011840,계몽사
2003-06-13,코스피 200,ADD,KR7000950006,000950,전방
2003-06-13,코스피 200,ADD,KR7001020007,001020,페이퍼코리아
2003-06-13,코스피 200,ADD,KR7001370006,001370,FnC코오롱
2003-06-13,코스피 200,ADD,KR7002240000,002240,고려제강
2003-06-13,코스피 200,ADD,KR7003660008,003660,고려시멘트
2003-06-13,코스피 200,ADD,KR7004010005,004010,롯데미도파
2003-06-13,코스피 200,ADD,KR7005070008,005070,새한미디어
2003-06-13,코스피 200,ADD,KR7005280003,005280,부산은행
2003-06-13,코스피 200,ADD,KR7005870001,005870,휴니드
2003-06-13,코스피 200,ADD,KR7006250005,006250,극동전선
2003-06-13,코스피 200,ADD,KR7007340003,007340,동아타이어
2003-06-13,코스피 200,ADD,KR7008000002,008000,새한
2003-06-13,코스피 200,ADD,KR7008350001,008350,남선알미늄
2003-06-13,코스피 200,ADD,KR7008490005,008490,서흥캅셀
2003-06-13,코스피 200,ADD,KR7008900003,008900,트라이브랜즈
2003-06-13,코스피 200,ADD,KR7011020005,011020,코오롱유화
2003-06-13,코스피 200,ADD,KR7012990008,012990,LG석유화학
2003-06-13,코스피 200,ADD,KR7015860000,015860,일진전기
2003-06-13,코스피 200,ADD,KR7015890007,015890,태경산업
2003-06-13,코스피 200,ADD,KR7020760005,020760,일진디스플
2003-06-13,코스피 200,ADD,KR7021240007,021240,웅진코웨이
2003-06-13,코스피 200,ADD,KR7024720005,024720,한국콜마
2003-06-13,코스피 200,ADD,KR7027840008,027840,고덴시
2003-06-13,코스피 200,ADD,KR7049770001,049770,동원F&B
2003-06-13,코스피 200,ADD,KR7064960008,064960,S&T대우
2003-06-13,코스피 200,REMOVE,KR7000760009,000760,이화산업
2003-06-13,코스피 200,REMOVE,KR7001510007,001510,SK증권
2003-06-13,코스피 200,REMOVE,KR7001520006,001520,동양메이저
2003-06-13,코스피 200,REMOVE,KR7001570001,001570,금양
2003-06-13,코스피 200,REMOVE,KR7001620004,001620,동국실업
2003-06-13,코스피 200,REMOVE,KR7001630003,001630,종근당
2003-06-13,코스피 200,REMOVE,KR7001790005,001790,대한제당
2003-06-13,코스피 200,REMOVE,KR7002200004,002200,수출포장
2003-06-13,코스피 200,REMOVE,KR7002250009,002250,근화제약
2003-06-13,코스피 200,REMOVE,KR7003090008,003090,대웅
2003-06-13,코스피 200,REMOVE,KR7005190004,005190,동성화학
2003-06-13,코스피 200,REMOVE,KR7005440003,005440,현대H&S
2003-06-13,코스피 200,REMOVE,KR7007570005,007570,일양약품
2003-06-13,코스피 200,REMOVE,KR7008770000,008770,호텔신라
2003-06-13,코스피 200,REMOVE,KR7009680000,009680,모토닉
2003-06-13,코스피 200,REMOVE,KR7009760000,009760,한국컴퓨터지주
2003-06-13,코스피 200,REMOVE,KR7010150001,010150,한국코아
2003-06-13,코스피 200,REMOVE,KR7011230000,011230,삼화전자
2003-06-13,코스피 200,REMOVE,KR7012610002,012610,경인양행
2003-06-13,코스피 200,REMOVE,KR7014680003,014680,한솔케미칼
2003-06-13,코스피 200,REMOVE,KR7015260003,015260,큐엔텍코리아
2003-06-13,코스피 200,REMOVE,KR7015670003,015670,AP우주통신
2003-06-13,코스피 200,REMOVE,KR7015940000,015940,LG데이콤
2003-06-13,코스피 200,REMOVE,KR7019490002,019490,하이트론
2003-06-13,코스피 200,REMOVE,KR7024900003,024900,덕양산업
2003-10-14,코스피 200,ADD,KR7002540003,002540,메이드
2003-10-14,코스피 200,REMOVE,KR7010510006,010510,일진
2004-01-02,코스피 200,ADD,KR7011090008,011090,에넥스
2004-01-02,코스피 200,REMOVE,KR7000950006,000950,전방
2004-03-29,코스피 200,ADD,KR7005270004,005270,대구은행
2004-03-29,코스피 200,REMOVE,KR7032710006,032710,LG카드
2004-03-31,코스피 200,ADD,KR7001510007,001510,SK증권
2004-03-31,코스피 200,REMOVE,KR7000010009,000010,조흥은행
2004-06-11,코스피 200,ADD,KR7000050005,000050,경방
2004-06-11,코스피 200,ADD,KR7000430009,000430,대원강업
2004-06-11,코스피 200,ADD,KR7000670000,000670,영풍
2004-06-11,코스피 200,ADD,KR7001130004,001130,대한제분
2004-06-11,코스피 200,ADD,KR7001230002,001230,동국제강
2004-06-11,코스피 200,ADD,KR7001430008,001430,세아베스틸
2004-06-11,코스피 200,ADD,KR7002390003,002390,한독약품
2004-06-11,코스피 200,ADD,KR7003200003,003200,일신방직
2004-06-11,코스피 200,ADD,KR7003240009,003240,태광산업
2004-06-11,코스피 200,ADD,KR7003570009,003570,통일중공업
2004-06-11,코스피 200,ADD,KR7003640000,003640,유니온스틸
2004-06-11,코스피 200,ADD,KR7003920006,003920,남양유업
2004-06-11,코스피 200,ADD,KR7003960002,003960,대림수산
2004-06-11,코스피 200,ADD,KR7004560009,004560,BNG스틸
2004-06-11,코스피 200,ADD,KR7004710000,004710,한솔LCD
2004-06-11,코스피 200,ADD,KR7004990008,004990,롯데제과
2004-06-11,코스피 200,ADD,KR7005300009,005300,롯데칠성
2004-06-11,코스피 200,ADD,KR7005850003,005850,삼립산업
2004-06-11,코스피 200,ADD,KR7006280002,006280,녹십자상아
2004-06-11,코스피 200,ADD,KR7007660004,007660,이수페타시스
2004-06-11,코스피 200,ADD,KR7010820009,010820,퍼스텍
2004-06-11,코스피 200,ADD,KR7011200003,011200,현대상선
2004-06-11,코스피 200,ADD,KR7013570007,013570,동양기전
2004-06-11,코스피 200,ADD,KR7016800005,016800,퍼시스
2004-06-11,코스피 200,ADD,KR7017300005,017300,KDS
2004-06-11,코스피 200,ADD,KR7024110009,024110,기업은행
2004-06-11,코스피 200,ADD,KR7032390007,032390,KTF
2004-06-11,코스피 200,ADD,KR7034120006,034120,SBS
2004-06-11,코스피 200,ADD,KR7035250000,035250,강원랜드
2004-06-11,코스피 200,ADD,KR7036530004,036530,삼영
2004-06-11,코스피 200,ADD,KR7036570000,036570,엔씨소프트
2004-06-11,코스피 200,ADD,KR7042100008,042100,현대오토넷
2004-06-11,코스피 200,ADD,KR7058430000,058430,포항강판
2004-06-11,코스피 200,ADD,KR7064420003,064420,케이피케미칼
2004-06-11,코스피 200,ADD,KR7068870005,068870,LG생명과학
2004-06-11,코스피 200,ADD,KR7069260008,069260,휴켐스
2004-06-11,코스피 200,ADD,KR7069620003,069620,대웅제약
2004-06-11,코스피 200,ADD,KR7069960003,069960,현대백화점
2004-06-11,코스피 200,REMOVE,KR7000020008,000020,동화약품
2004-06-11,코스피 200,REMOVE,KR7000180000,000180,성창기업
2004-06-11,코스피 200,REMOVE,KR7000970004,000970,한국주철관
2004-06-11,코스피 200,REMOVE,KR7001020007,001020,페이퍼코리아
2004-06-11,코스피 200,REMOVE,KR7001510007,001510,SK증권
2004-06-11,코스피 200,REMOVE,KR7002540003,002540,현대페스
2004-06-11,코스피 200,REMOVE,KR7003050002,003050,넥상스코리아
2004-06-11,코스피 200,REMOVE,KR7003120003,003120,일성신약
2004-06-11,코스피 200,REMOVE,KR7004010005,004010,롯데미도파
2004-06-11,코스피 200,REMOVE,KR7005010004,005010,휴스틸
2004-06-11,코스피 200,REMOVE,KR7005870001,005870,휴니드
2004-06-11,코스피 200,REMOVE,KR7006250005,006250,극동전선
2004-06-11,코스피 200,REMOVE,KR7006380000,006380,카프로
2004-06-11,코스피 200,REMOVE,KR7006600001,006600,동신제약
2004-06-11,코스피 200,REMOVE,KR7006660005,006660,삼성공조
2004-06-11,코스피 200,REMOVE,KR7007700008,007700,F&F
2004-06-11,코스피 200,REMOVE,KR7007860000,007860,한일이화
2004-06-11,코스피 200,REMOVE,KR7008350001,008350,남선알미늄
2004-06-11,코스피 200,REMOVE,KR7008490005,008490,서흥캅셀
2004-06-11,코스피 200,REMOVE,KR7008970006,008970,동양철관
2004-06-11,코스피 200,REMOVE,KR7009270000,009270,신원
2004-06-11,코스피 200,REMOVE,KR7009280009,009280,다함이텍
2004-06-11,코스피 200,REMOVE,KR7011090008,011090,에넥스
2004-06-11,코스피 200,REMOVE,KR7011810009,011810,STX
2004-06-11,코스피 200,REMOVE,KR7012600003,012600,청호컴넷
2004-06-11,코스피 200,REMOVE,KR7013520002,013520,화승알앤에이
2004-06-11,코스피 200,REMOVE,KR7014440002,014440,영보화학
2004-06-11,코스피 200,REMOVE,KR7014820005,014820,EASTEL
2004-06-11,코스피 200,REMOVE,KR7016580003,016580,환인제약
2004-06-11,코스피 200,REMOVE,KR7016830002,016830,한미은행
2004-06-11,코스피 200,REMOVE,KR7016880007,016880,웅진닷컴
2004-06-11,코스피 200,REMOVE,KR7017960006,017960,한국카본
2004-06-11,코스피 200,REMOVE,KR7024070005,024070,WISCOM
2004-06-11,코스피 200,REMOVE,KR7024720005,024720,한국콜마
2004-06-11,코스피 200,REMOVE,KR7026890004,026890,디피씨
2004-06-11,코스피 200,REMOVE,KR7027840008,027840,고덴시
2004-06-11,코스피 200,REMOVE,KR7031820004,031820,콤텍시스템
2004-06-11,코스피 200,REMOVE,KR7035150002,035150,백산
2004-06-29,코스피 200,ADD,KR7033530007,033530,세종공업
2004-06-29,코스피 200,REMOVE,KR7003960002,003960,대림수산
2004-07-01,코스피 200,ADD,KR7005420005,005420,코스모화학
2004-07-01,코스피 200,REMOVE,KR7007210008,007210,벽산
2004-12-10,코스피 200,ADD,KR7034220004,034220,LG필립스LCD
2004-12-10,코스피 200,REMOVE,KR7017900002,017900,광전자
2004-12-21,코스피 200,ADD,KR7003690005,003690,코리안리
2004-12-21,코스피 200,REMOVE,KR7008670002,008670,굿모닝신한증권
2005-04-01,코스피 200,ADD,KR7005740006,005740,크라운제과
2005-04-01,코스피 200,ADD,KR7017900002,017900,광전자
2005-04-01,코스피 200,REMOVE,KR7002000008,002000,한국유리
2005-04-01,코스피 200,REMOVE,KR7017300005,017300,KDS
2005-06-10,코스피 200,ADD,KR7001520006,001520,동양메이저
2005-06-10,코스피 200,ADD,KR7001630003,001630,종근당
2005-06-10,코스피 200,ADD,KR7003520004,003520,영진약품
2005-06-10,코스피 200,ADD,KR7006380000,006380,카프로
2005-06-10,코스피 200,ADD,KR7019680008,019680,대교
2005-06-10,코스피 200,ADD,KR7025750001,025750,한솔홈데코
2005-06-10,코스피 200,ADD,KR7047050000,047050,대우인터내셔
2005-06-10,코스피 200,ADD,KR7063350003,063350,팬택앤큐리텔
2005-06-10,코스피 200,ADD,KR7067250001,067250,STX조선
2005-06-10,코스피 200,ADD,KR7071050009,071050,한국금융지주
2005-06-10,코스피 200,REMOVE,KR7000050005,000050,경방
2005-06-10,코스피 200,REMOVE,KR7003660008,003660,고려시멘트
2005-06-10,코스피 200,REMOVE,KR7004710000,004710,한솔LCD
2005-06-10,코스피 200,REMOVE,KR7005420005,005420,코스모화학
2005-06-10,코스피 200,REMOVE,KR7012200002,012200,계양전기
2005-06-10,코스피 200,REMOVE,KR7014900005,014900,삼보컴퓨터
2005-06-10,코스피 200,REMOVE,KR7017810003,017810,풀무원
2005-06-10,코스피 200,REMOVE,KR7017900002,017900,광전자
2005-06-10,코스피 200,REMOVE,KR7020760005,020760,일진디스플
2005-06-10,코스피 200,REMOVE,KR7025850009,025850,화인케미칼
2005-07-14,코스피 200,ADD,KR7007190002,007190,신호제지
2005-07-14,코스피 200,REMOVE,KR7009080003,009080,퍼시픽글라스
2005-12-13,코스피 200,ADD,KR7086790003,086790,하나금융지주
2006-06-09,코스피 200,ADD,KR7000230003,000230,일동제약
2006-06-09,코스피 200,ADD,KR7001740000,001740,SK네트웍스
2006-06-09,코스피 200,ADD,KR7002000008,002000,한국유리
2006-06-09,코스피 200,ADD,KR7002630002,002630,오리엔트바이오
2006-06-09,코스피 200,ADD,KR7003230000,003230,삼양식품
2006-06-09,코스피 200,ADD,KR7004710000,004710,한솔LCD
2006-06-09,코스피 200,ADD,KR7007570005,007570,일양약품
2006-06-09,코스피 200,ADD,KR7010780005,010780,동서산업
2006-06-09,코스피 200,ADD,KR7013240007,013240,셀런
2006-06-09,코스피 200,ADD,KR7014820005,014820,동원시스템즈
2006-06-09,코스피 200,ADD,KR7023530009,023530,롯데쇼핑
2006-06-09,코스피 200,ADD,KR7032710006,032710,LG카드
2006-06-09,코스피 200,ADD,KR7073240004,073240,금호타이어
2006-06-09,코스피 200,ADD,KR7077970002,077970,STX엔진
2006-06-09,코스피 200,ADD,KR7078930005,078930,GS
2006-06-09,코스피 200,REMOVE,KR7000390005,000390,삼화페인트
2006-06-09,코스피 200,REMOVE,KR7000480004,000480,조선내화
2006-06-09,코스피 200,REMOVE,KR7003160009,003160,디아이
2006-06-09,코스피 200,REMOVE,KR7003200003,003200,일신방직
2006-06-09,코스피 200,REMOVE,KR7003540002,003540,대신증권
2006-06-09,코스피 200,REMOVE,KR7003550001,003550,LG
2006-06-09,코스피 200,REMOVE,KR7004560009,004560,BNG스틸
2006-06-09,코스피 200,REMOVE,KR7004830006,004830,덕성
2006-06-09,코스피 200,REMOVE,KR7005070008,005070,새한미디어
2006-06-09,코스피 200,REMOVE,KR7007340003,007340,동아타이어
2006-06-09,코스피 200,REMOVE,KR7007660004,007660,이수페타시스
2006-06-09,코스피 200,REMOVE,KR7007690001,007690,국도화학
2006-06-09,코스피 200,REMOVE,KR7010770006,010770,평화홀딩스
2006-06-09,코스피 200,REMOVE,KR7015890007,015890,태경산업
2006-06-09,코스피 200,REMOVE,KR7025530007,025530,SJM
2007-04-12,코스피 200,ADD,KR7015890007,015890,태경산업
2007-04-12,코스피 200,ADD,KR7016580003,016580,환인제약
2007-04-12,코스피 200,REMOVE,KR7025930009,025930,팬택
2007-04-12,코스피 200,REMOVE,KR7063350003,063350,팬택앤큐리텔
2007-04-27,코스피 200,ADD,KR7004230009,004230,세신
2007-04-27,코스피 200,REMOVE,KR7001830009,001830,동부일렉트로닉스
2007-06-15,코스피 200,ADD,KR7000020008,000020,동화약품
2007-06-15,코스피 200,ADD,KR7000480004,000480,조선내화
2007-06-15,코스피 200,ADD,KR7003120003,003120,일성신약
2007-06-15,코스피 200,ADD,KR7003830007,003830,대한화섬
2007-06-15,코스피 200,ADD,KR7011000007,011000,VGX인터
2007-06-15,코스피 200,ADD,KR7017960006,017960,한국카본
2007-06-15,코스피 200,ADD,KR7027970003,027970,세하
2007-06-15,코스피 200,ADD,KR7028050003,028050,삼성엔지니어링
2007-06-15,코스피 200,ADD,KR7037620002,037620,미래에셋증권
2007-06-15,코스피 200,ADD,KR7042700005,042700,한미반도체
2007-06-15,코스피 200,ADD,KR7084870005,084870,베이직하우스
2007-06-15,코스피 200,REMOVE,KR7000320002,000320,디피아이홀딩스
2007-06-15,코스피 200,REMOVE,KR7002390003,002390,한독약품
2007-06-15,코스피 200,REMOVE,KR7004230009,004230,세신
2007-06-15,코스피 200,REMOVE,KR7005950001,005950,이수화학
2007-06-15,코스피 200,REMOVE,KR7007810005,007810,코리아써키트
2007-06-15,코스피 200,REMOVE,KR7010820009,010820,퍼스텍
2007-06-15,코스피 200,REMOVE,KR7015890007,015890,태경산업
2007-06-15,코스피 200,REMOVE,KR7025750001,025750,한솔홈데코
2007-06-15,코스피 200,REMOVE,KR7032710006,032710,LG카드
2007-06-15,코스피 200,REMOVE,KR7033530007,033530,세종공업
2007-09-14,코스피 200,ADD,KR7003550001,003550,LG
2007-09-14,코스피 200,ADD,KR7096770003,096770,SK에너지
2007-09-14,코스피 200,REMOVE,KR7006200000,006200,KEC홀딩스
2007-09-14,코스피 200,REMOVE,KR7006380000,006380,카프로
2007-10-30,코스피 200,ADD,KR7006380000,006380,카프로
2007-10-30,코스피 200,REMOVE,KR7012990008,012990,LG석유화학
2008-06-13,코스피 200,ADD,KR7000050005,000050,경방
2008-06-13,코스피 200,ADD,KR7004560009,004560,BNG스틸
2008-06-13,코스피 200,ADD,KR7008320004,008320,한국기술산업
2008-06-13,코스피 200,ADD,KR7011400009,011400,케이씨오에너지
2008-06-13,코스피 200,ADD,KR7011810009,011810,STX
2008-06-13,코스피 200,ADD,KR7014830004,014830,유니드
2008-06-13,코스피 200,ADD,KR7014990006,014990,인디에프
2008-06-13,코스피 200,ADD,KR7015590003,015590,대경기계
2008-06-13,코스피 200,ADD,KR7025850009,025850,화인케미칼
2008-06-13,코스피 200,ADD,KR7084010008,084010,대한제강
2008-06-13,코스피 200,ADD,KR7090430000,090430,아모레퍼시픽
2008-06-13,코스피 200,ADD,KR7091090001,091090,세원셀론텍
2008-06-13,코스피 200,ADD,KR7093050003,093050,LG패션
2008-06-13,코스피 200,ADD,KR7093370005,093370,후성
2008-06-13,코스피 200,REMOVE,KR7000430009,000430,대원강업
2008-06-13,코스피 200,REMOVE,KR7002630002,002630,오리엔트바이오
2008-06-13,코스피 200,REMOVE,KR7003230000,003230,삼양식품
2008-06-13,코스피 200,REMOVE,KR7005500004,005500,삼진제약
2008-06-13,코스피 200,REMOVE,KR7005850003,005850,에스엘
2008-06-13,코스피 200,REMOVE,KR7007190002,007190,이엔페이퍼
2008-06-13,코스피 200,REMOVE,KR7008900003,008900,티이씨앤코
2008-06-13,코스피 200,REMOVE,KR7010780005,010780,동서산업
2008-06-13,코스피 200,REMOVE,KR7011000007,011000,VGX인터
2008-06-13,코스피 200,REMOVE,KR7016580003,016580,환인제약
2008-06-13,코스피 200,REMOVE,KR7025560004,025560,미래산업
2008-06-13,코스피 200,REMOVE,KR7033240003,033240,자화전자
2008-06-13,코스피 200,REMOVE,KR7036530004,036530,S&T홀딩스
2008-06-13,코스피 200,REMOVE,KR7058430000,058430,포스코강판
2008-07-02,코스피 200,ADD,KR7009440009,009440,KC코트렐
2008-07-02,코스피 200,REMOVE,KR7003830007,003830,대한화섬
2008-10-13,코스피 200,ADD,KR7105560007,105560,KB금융
2009-01-13,코스피 200,ADD,KR7005090006,005090,삼광유리
2009-01-13,코스피 200,REMOVE,KR7003620002,003620,쌍용차
2009-03-13,코스피 200,ADD,KR7035420009,035420,NHN
2009-03-13,코스피 200,REMOVE,KR7005740006,005740,크라운제과
2009-06-12,코스피 200,ADD,KR7000120006,000120,대한통운
2009-06-12,코스피 200,ADD,KR7001790005,001790,대한제당
2009-06-12,코스피 200,ADD,KR7002390003,002390,한독약품
2009-06-12,코스피 200,ADD,KR7004490009,004490,세방전지
2009-06-12,코스피 200,ADD,KR7007340003,007340,동아타이어
2009-06-12,코스피 200,ADD,KR7009580002,009580,동해펄프
2009-06-12,코스피 200,ADD,KR7009680000,009680,모토닉
2009-06-12,코스피 200,ADD,KR7028670008,028670,STX팬오션
2009-06-12,코스피 200,ADD,KR7029780004,029780,삼성카드
2009-06-12,코스피 200,ADD,KR7051310001,051310,성진지오텍
2009-06-12,코스피 200,ADD,KR7085310001,085310,엔케이
2009-06-12,코스피 200,ADD,KR7097230007,097230,한진중공업
2009-06-12,코스피 200,ADD,KR7097950000,097950,CJ제일제당
2009-06-12,코스피 200,REMOVE,KR7001370006,001370,FnC코오롱
2009-06-12,코스피 200,REMOVE,KR7002000008,002000,한국유리
2009-06-12,코스피 200,REMOVE,KR7003690005,003690,코리안리
2009-06-12,코스피 200,REMOVE,KR7004560009,004560,BNG스틸
2009-06-12,코스피 200,REMOVE,KR7004980009,004980,성신양회
2009-06-12,코스피 200,REMOVE,KR7005810007,005810,풍산홀딩스
2009-06-12,코스피 200,REMOVE,KR7013240007,013240,셀런
2009-06-12,코스피 200,REMOVE,KR7015860000,015860,일진홀딩스
2009-06-12,코스피 200,REMOVE,KR7029460003,029460,케이씨텍
2009-06-12,코스피 200,REMOVE,KR7032390007,032390,KTF
2009-06-12,코스피 200,REMOVE,KR7042700005,042700,한미반도체
2009-06-12,코스피 200,REMOVE,KR7049770001,049770,동원F&B
2009-06-12,코스피 200,REMOVE,KR7084870005,084870,베이직하우스
2009-06-23,코스피 200,ADD,KR7005500004,005500,삼진제약
2009-06-23,코스피 200,REMOVE,KR7042100008,042100,현대오토넷
2010-02-25,코스피 200,ADD,KR7100840008,100840,S&TC
2010-02-25,코스피 200,REMOVE,KR7008320004,008320,한국기술산업
2010-04-02,코스피 200,ADD,KR7004890000,004890,동일산업
2010-04-02,코스피 200,ADD,KR7010780005,010780,아이에스동서
2010-04-02,코스피 200,REMOVE,KR7011400009,011400,케이씨오에너지
2010-04-02,코스피 200,REMOVE,KR7073240004,073240,금호타이어
2010-06-11,코스피 200,ADD,KR7003190006,003190,알앤엘바이오
2010-06-11,코스피 200,ADD,KR7004430005,004430,송원산업
2010-06-11,코스피 200,ADD,KR7011070000,011070,LG이노텍
2010-06-11,코스피 200,ADD,KR7032640005,032640,LG텔레콤
2010-06-11,코스피 200,ADD,KR7086280005,086280,글로비스
2010-06-11,코스피 200,ADD,KR7103140000,103140,풍산
2010-06-11,코스피 200,ADD,KR7103150009,103150,하이트맥주
2010-06-11,코스피 200,ADD,KR7103590006,103590,일진전기
2010-06-11,코스피 200,ADD,KR7104700000,104700,한국철강
2010-06-11,코스피 200,ADD,KR7108670001,108670,LG하우시스
2010-06-11,코스피 200,REMOVE,KR7002990000,002990,금호산업
2010-06-11,코스피 200,REMOVE,KR7004890000,004890,동일산업
2010-06-11,코스피 200,REMOVE,KR7006390009,006390,현대시멘트
2010-06-11,코스피 200,REMOVE,KR7006840003,006840,애경유화
2010-06-11,코스피 200,REMOVE,KR7009440009,009440,KC그린홀딩스
2010-06-11,코스피 200,REMOVE,KR7010780005,010780,아이에스동서
2010-06-11,코스피 200,REMOVE,KR7011930005,011930,신성홀딩스
2010-06-11,코스피 200,REMOVE,KR7013570007,013570,동양기전
2010-06-11,코스피 200,REMOVE,KR7014990006,014990,인디에프
2010-06-11,코스피 200,REMOVE,KR7027970003,027970,세하
2010-09-10,코스피 200,ADD,KR7032830002,032830,삼성생명
2010-09-10,코스피 200,REMOVE,KR7003520004,003520,영진약품
2011-01-31,코스피 200,ADD,KR7003520004,003520,영진약품
2011-01-31,코스피 200,REMOVE,KR7009720004,009720,전기초자
2011-03-31,코스피 200,ADD,KR7138930003,138930,BS금융지주
2011-06-08,코스피 200,ADD,KR7139130009,139130,DGB금융지주
2011-06-10,코스피 200,ADD,KR7000080002,000080,진로
2011-06-10,코스피 200,ADD,KR7002960003,002960,한국쉘석유
2011-06-10,코스피 200,ADD,KR7003620002,003620,쌍용차
2011-06-10,코스피 200,ADD,KR7005850003,005850,에스엘
2011-06-10,코스피 200,ADD,KR7007690001,007690,국도화학
2011-06-10,코스피 200,ADD,KR7007860000,007860,한일이화
2011-06-10,코스피 200,ADD,KR7010690006,010690,화신
2011-06-10,코스피 200,ADD,KR7010780005,010780,아이에스동서
2011-06-10,코스피 200,ADD,KR7013570007,013570,동양기전
2011-06-10,코스피 200,ADD,KR7017900002,017900,광전자
2011-06-10,코스피 200,ADD,KR7020760005,020760,일진디스플
2011-06-10,코스피 200,ADD,KR7033530007,033530,세종공업
2011-06-10,코스피 200,ADD,KR7034730002,034730,SK C&C
2011-06-10,코스피 200,ADD,KR7052690005,052690,한전기술
2011-06-10,코스피 200,ADD,KR7071970008,071970,STX메탈
2011-06-10,코스피 200,ADD,KR7073240004,073240,금호타이어
2011-06-10,코스피 200,ADD,KR7084870005,084870,베이직하우스
2011-06-10,코스피 200,ADD,KR7088350004,088350,대한생명
2011-06-10,코스피 200,ADD,KR7115390007,115390,락앤락
2011-06-10,코스피 200,ADD,KR7120110002,120110,코오롱인더
2011-06-10,코스피 200,REMOVE,KR7000020008,000020,동화약품
2011-06-10,코스피 200,REMOVE,KR7000230003,000230,일동제약
2011-06-10,코스피 200,REMOVE,KR7001060003,001060,JW중외제약
2011-06-10,코스피 200,REMOVE,KR7001790005,001790,대한제당
2011-06-10,코스피 200,REMOVE,KR7001940006,001940,KISCO홀딩스
2011-06-10,코스피 200,REMOVE,KR7002300002,002300,한국제지
2011-06-10,코스피 200,REMOVE,KR7002390003,002390,한독약품
2011-06-10,코스피 200,REMOVE,KR7003520004,003520,영진약품
2011-06-10,코스피 200,REMOVE,KR7003940004,003940,삼양제넥스
2011-06-10,코스피 200,REMOVE,KR7005500004,005500,삼진제약
2011-06-10,코스피 200,REMOVE,KR7008930000,008930,한미홀딩스
2011-06-10,코스피 200,REMOVE,KR7009200007,009200,무림페이퍼
2011-06-10,코스피 200,REMOVE,KR7009290008,009290,광동제약
2011-06-10,코스피 200,REMOVE,KR7014820005,014820,동원시스템즈
2011-06-10,코스피 200,REMOVE,KR7015590003,015590,대경기계
2011-06-10,코스피 200,REMOVE,KR7017960006,017960,한국카본
2011-06-10,코스피 200,REMOVE,KR7085310001,085310,엔케이
2011-06-10,코스피 200,REMOVE,KR7091090001,091090,세원셀론텍
2011-06-10,코스피 200,REMOVE,KR7100840008,100840,S&TC
2011-06-10,코스피 200,REMOVE,KR7139130009,139130,DGB금융지주
2011-08-30,코스피 200,ADD,KR7008040008,008040,동아원
2011-08-30,코스피 200,REMOVE,KR7103150009,103150,하이트맥주
2012-06-15,코스피 200,ADD,KR7000430009,000430,대원강업
2012-06-15,코스피 200,ADD,KR7005690003,005690,파미셀
2012-06-15,코스피 200,ADD,KR7005950001,005950,이수화학
2012-06-15,코스피 200,ADD,KR7009420001,009420,한올바이오파마
2012-06-15,코스피 200,ADD,KR7011210002,011210,현대위아
2012-06-15,코스피 200,ADD,KR7020150009,020150,일진머티리얼즈
2012-06-15,코스피 200,ADD,KR7033920000,033920,무학
2012-06-15,코스피 200,ADD,KR7060980000,060980,만도
2012-06-15,코스피 200,ADD,KR7082740002,082740,두산엔진
2012-06-15,코스피 200,ADD,KR7103130001,103130,웅진에너지
2012-06-15,코스피 200,ADD,KR7128940004,128940,한미약품
2012-06-15,코스피 200,REMOVE,KR7001210004,001210,금호전기
2012-06-15,코스피 200,REMOVE,KR7002030005,002030,아세아시멘트
2012-06-15,코스피 200,REMOVE,KR7003640000,003640,유니온스틸
2012-06-15,코스피 200,REMOVE,KR7004130001,004130,대덕GDS
2012-06-15,코스피 200,REMOVE,KR7005680004,005680,삼영전자
2012-06-15,코스피 200,REMOVE,KR7008730004,008730,율촌화학
2012-06-15,코스피 200,REMOVE,KR7016800005,016800,퍼시스
2012-06-15,코스피 200,REMOVE,KR7017900002,017900,광전자
2012-06-15,코스피 200,REMOVE,KR7025850009,025850,KPX화인케미칼
2012-06-15,코스피 200,REMOVE,KR7071970008,071970,STX메탈
2012-06-15,코스피 200,REMOVE,KR7084010008,084010,대한제강
2012-12-20,코스피 200,ADD,KR7078520004,078520,에이블씨엔씨
2012-12-20,코스피 200,REMOVE,KR7064420003,064420,케이피케미칼
2013-01-03,코스피 200,ADD,KR7105630008,105630,한세실업
2013-01-03,코스피 200,REMOVE,KR7003120003,003120,일성신약
2013-04-03,코스피 200,ADD,KR7049770001,049770,동원F&B
2013-04-03,코스피 200,REMOVE,KR7003190006,003190,알앤엘바이오
2013-04-24,코스피 200,ADD,KR7005830005,005830,동부화재
2013-04-24,코스피 200,REMOVE,KR7004940003,004940,외환은행
2013-06-11,코스피 200,REMOVE,KR7028670008,028670,STX팬오션
2013-06-14,코스피 200,ADD,KR7004130001,004130,대덕GDS
2013-06-14,코스피 200,ADD,KR7007070006,007070,GS리테일
2013-06-14,코스피 200,ADD,KR7007810005,007810,코리아써키트
2013-06-14,코스피 200,ADD,KR7016800005,016800,퍼시스
2013-06-14,코스피 200,ADD,KR7044820009,044820,코스맥스
2013-06-14,코스피 200,ADD,KR7047810007,047810,한국항공우주
2013-06-14,코스피 200,ADD,KR7079980009,079980,휴비스
2013-06-14,코스피 200,ADD,KR7139480008,139480,이마트
2013-06-14,코스피 200,REMOVE,KR7000050005,000050,경방
2013-06-14,코스피 200,REMOVE,KR7000480004,000480,조선내화
2013-06-14,코스피 200,REMOVE,KR7001130004,001130,대한제분
2013-06-14,코스피 200,REMOVE,KR7003480001,003480,한진중공업홀딩스
2013-06-14,코스피 200,REMOVE,KR7008040008,008040,동아원
2013-06-14,코스피 200,REMOVE,KR7016380008,016380,동부제철
2013-06-14,코스피 200,REMOVE,KR7103590006,103590,일진전기
2013-08-19,코스피 200,ADD,KR7003520004,003520,영진약품
2013-08-19,코스피 200,REMOVE,KR7067250001,067250,STX조선해양
2013-09-02,코스피 200,ADD,KR7008770000,008770,호텔신라
2013-09-02,코스피 200,REMOVE,KR7011810009,011810,STX
2013-10-02,코스피 200,ADD,KR7005740006,005740,크라운제과
2013-10-02,코스피 200,REMOVE,KR7001520006,001520,동양
2014-04-14,코스피 200,ADD,KR7033240003,033240,자화전자
2014-04-14,코스피 200,REMOVE,KR7077970002,077970,STX엔진
2014-06-13,코스피 200,ADD,KR7005610001,005610,삼립식품
2014-06-13,코스피 200,ADD,KR7008490005,008490,서흥
2014-06-13,코스피 200,ADD,KR7009290008,009290,광동제약
2014-06-13,코스피 200,ADD,KR7051600005,051600,한전KPS
2014-06-13,코스피 200,ADD,KR7161390000,161390,한국타이어
2014-06-13,코스피 200,ADD,KR7161890009,161890,한국콜마
2014-06-13,코스피 200,ADD,KR7170900005,170900,동아에스티
2014-06-13,코스피 200,REMOVE,KR7001630003,001630,종근당홀딩스
2014-06-13,코스피 200,REMOVE,KR7005690003,005690,파미셀
2014-06-13,코스피 200,REMOVE,KR7006360002,006360,GS건설
2014-06-13,코스피 200,REMOVE,KR7009420001,009420,한올바이오파마
2014-06-13,코스피 200,REMOVE,KR7025000001,025000,KPX케미칼
2014-06-13,코스피 200,REMOVE,KR7044820009,044820,코스맥스비티아이
2014-06-13,코스피 200,REMOVE,KR7103130001,103130,웅진에너지
2014-06-27,코스피 200,ADD,KR7000480004,000480,조선내화
2014-06-27,코스피 200,REMOVE,KR7001300003,001300,제일모직
2014-09-12,코스피 200,ADD,KR7114090004,114090,GKL
2014-09-12,코스피 200,REMOVE,KR7000700005,000700,한진해운홀딩스
2014-11-20,코스피 200,ADD,KR7000030007,000030,우리은행
2015-03-13,코스피 200,ADD,KR7018260000,018260,삼성에스디에스
2015-03-13,코스피 200,ADD,KR7028260008,028260,제일모직
2015-03-13,코스피 200,REMOVE,KR7002020006,002020,코오롱
2015-03-13,코스피 200,REMOVE,KR7005950001,005950,이수화학
2015-04-14,코스피 200,ADD,KR7005950001,005950,이수화학
2015-04-14,코스피 200,REMOVE,KR7001440007,001440,대한전선
2015-06-12,코스피 200,ADD,KR7000050005,000050,경방
2015-06-12,코스피 200,ADD,KR7000230003,000230,일동제약
2015-06-12,코스피 200,ADD,KR7004700001,004700,조광피혁
2015-06-12,코스피 200,ADD,KR7009240003,009240,한샘
2015-06-12,코스피 200,ADD,KR7014680003,014680,한솔케미칼
2015-06-12,코스피 200,ADD,KR7014820005,014820,동원시스템즈
2015-06-12,코스피 200,ADD,KR7036580009,036580,팜스코
2015-06-12,코스피 200,ADD,KR7042700005,042700,한미반도체
2015-06-12,코스피 200,ADD,KR7064350002,064350,현대로템
2015-06-12,코스피 200,ADD,KR7079430005,079430,현대리바트
2015-06-12,코스피 200,ADD,KR7145990008,145990,삼양사
2015-06-12,코스피 200,ADD,KR7185750007,185750,종근당
2015-06-12,코스피 200,ADD,KR7192820009,192820,코스맥스
2015-06-12,코스피 200,REMOVE,KR7000430009,000430,대원강업
2015-06-12,코스피 200,REMOVE,KR7000990002,000990,동부하이텍
2015-06-12,코스피 200,REMOVE,KR7004130001,004130,대덕GDS
2015-06-12,코스피 200,REMOVE,KR7004430005,004430,송원산업
2015-06-12,코스피 200,REMOVE,KR7005950001,005950,이수화학
2015-06-12,코스피 200,REMOVE,KR7006380000,006380,카프로
2015-06-12,코스피 200,REMOVE,KR7007810005,007810,코리아써키트
2015-06-12,코스피 200,REMOVE,KR7008000002,008000,도레이케미칼
2015-06-12,코스피 200,REMOVE,KR7013570007,013570,디와이
2015-06-12,코스피 200,REMOVE,KR7016800005,016800,퍼시스
2015-06-12,코스피 200,REMOVE,KR7020760005,020760,일진디스플
2015-06-12,코스피 200,REMOVE,KR7033240003,033240,자화전자
2015-06-12,코스피 200,REMOVE,KR7051310001,051310,포스코플랜텍
2015-06-29,코스피 200,ADD,KR7003200003,003200,일신방직
2015-06-29,코스피 200,REMOVE,KR7010520005,010520,현대하이스코
2015-08-03,코스피 200,ADD,KR7111770004,111770,영원무역
2015-08-03,코스피 200,REMOVE,KR7003600004,003600,SK
2015-09-01,코스피 200,ADD,KR7005440003,005440,현대그린푸드
2015-09-01,코스피 200,REMOVE,KR7000830000,000830,삼성물산
2016-03-16,코스피 200,ADD,KR7057050007,057050,현대홈쇼핑
2016-03-16,코스피 200,REMOVE,KR7011200003,011200,현대상선
2016-06-10,코스피 200,ADD,KR7000990002,000990,동부하이텍
2016-06-10,코스피 200,ADD,KR7001060003,001060,JW중외제약
2016-06-10,코스피 200,ADD,KR7001520006,001520,동양
2016-06-10,코스피 200,ADD,KR7002620003,002620,제일약품
2016-06-10,코스피 200,ADD,KR7003850005,003850,보령제약
2016-06-10,코스피 200,ADD,KR7007210008,007210,벽산
2016-06-10,코스피 200,ADD,KR7008930000,008930,한미사이언스
2016-06-10,코스피 200,ADD,KR7009420001,009420,한올바이오파마
2016-06-10,코스피 200,ADD,KR7027410000,027410,BGF리테일
2016-06-10,코스피 200,ADD,KR7192400000,192400,쿠쿠전자
2016-06-10,코스피 200,ADD,KR7204320006,204320,만도
2016-06-10,코스피 200,REMOVE,KR7000480004,000480,조선내화
2016-06-10,코스피 200,REMOVE,KR7004150009,004150,한솔홀딩스
2016-06-10,코스피 200,REMOVE,KR7007860000,007860,서연
2016-06-10,코스피 200,REMOVE,KR7009580002,009580,무림P&P
2016-06-10,코스피 200,REMOVE,KR7009680000,009680,모토닉
2016-06-10,코스피 200,REMOVE,KR7010690006,010690,화신
2016-06-10,코스피 200,REMOVE,KR7033530007,033530,세종공업
2016-06-10,코스피 200,REMOVE,KR7042700005,042700,한미반도체
2016-06-10,코스피 200,REMOVE,KR7079980009,079980,휴비스
2016-06-10,코스피 200,REMOVE,KR7082740002,082740,두산엔진
2016-06-10,코스피 200,REMOVE,KR7084870005,084870,TBH글로벌
2016-10-17,코스피 200,ADD,KR7001450006,001450,현대해상
2016-10-17,코스피 200,REMOVE,KR7003450004,003450,현대증권
2016-12-21,코스피 200,ADD,KR7008560005,008560,메리츠종금증권
2016-12-21,코스피 200,REMOVE,KR7037620002,037620,미래에셋증권
2016-12-28,코스피 200,ADD,KR7001780006,001780,알루코
2016-12-28,코스피 200,REMOVE,KR7068870005,068870,LG생명과학
2017-05-11,코스피 200,ADD,KR7267250009,267250,현대로보틱스
2017-05-11,코스피 200,REMOVE,KR7042660001,042660,대우조선해양
2017-06-09,코스피 200,ADD,KR7005250006,005250,녹십자홀딩스
2017-06-09,코스피 200,ADD,KR7006360002,006360,GS건설
2017-06-09,코스피 200,ADD,KR7006840003,006840,AK홀딩스
2017-06-09,코스피 200,ADD,KR7026960005,026960,동서
2017-06-09,코스피 200,ADD,KR7028670008,028670,팬오션
2017-06-09,코스피 200,ADD,KR7079160008,079160,CJ CGV
2017-06-09,코스피 200,ADD,KR7079550000,079550,LIG넥스원
2017-06-09,코스피 200,ADD,KR7096760004,096760,JW홀딩스
2017-06-09,코스피 200,ADD,KR7207940008,207940,삼성바이오로직스
2017-06-09,코스피 200,ADD,KR7214320004,214320,이노션
2017-06-09,코스피 200,ADD,KR7251270005,251270,넷마블게임즈
2017-06-09,코스피 200,REMOVE,KR7000140004,000140,하이트진로홀딩스
2017-06-09,코스피 200,REMOVE,KR7000230003,000230,일동홀딩스
2017-06-09,코스피 200,REMOVE,KR7003200003,003200,일신방직
2017-06-09,코스피 200,REMOVE,KR7003570009,003570,S&T중공업
2017-06-09,코스피 200,REMOVE,KR7004700001,004700,조광피혁
2017-06-09,코스피 200,REMOVE,KR7005090006,005090,삼광글라스
2017-06-09,코스피 200,REMOVE,KR7005740006,005740,크라운해태홀딩스
2017-06-09,코스피 200,REMOVE,KR7007210008,007210,벽산
2017-06-09,코스피 200,REMOVE,KR7007690001,007690,국도화학
2017-06-09,코스피 200,REMOVE,KR7008490005,008490,서흥
2017-06-09,코스피 200,REMOVE,KR7104700000,104700,한국철강
2017-07-10,코스피 200,ADD,KR7271560005,271560,오리온
2017-09-15,코스피 200,ADD,KR7035720002,035720,카카오
2017-09-15,코스피 200,REMOVE,KR7001780006,001780,알루코
2017-09-15,코스피 200,REMOVE,KR7002620003,002620,제일파마홀딩스
2017-12-11,코스피 200,ADD,KR7282330000,282330,BGF리테일
2017-12-15,코스피 200,REMOVE,KR7007340003,007340,동아타이어
2018-01-08,코스피 200,ADD,KR7285130001,285130,SK케미칼
2018-03-09,코스피 200,ADD,KR7068270008,068270,셀트리온
2018-03-09,코스피 200,REMOVE,KR7004710000,004710,한솔테크닉스
2018-06-14,코스피 200,ADD,KR7294870001,294870,HDC현대산업개발
2018-06-15,코스피 200,ADD,KR7042660001,042660,대우조선해양
2018-06-15,코스피 200,ADD,KR7071840003,071840,롯데하이마트
2018-06-15,코스피 200,ADD,KR7241560002,241560,두산밥캣
2018-06-15,코스피 200,REMOVE,KR7000050005,000050,경방
2018-06-15,코스피 200,REMOVE,KR7009290008,009290,광동제약
2018-06-15,코스피 200,REMOVE,KR7029530003,029530,신도리코
2018-06-15,코스피 200,REMOVE,KR7078520004,078520,에이블씨엔씨
2018-07-16,코스피 200,ADD,KR7298040007,298040,효성중공업
2018-12-14,코스피 200,REMOVE,KR7003030004,003030,세아제강지주
2019-02-13,코스피 200,ADD,KR7316140003,316140,우리금융지주
2019-04-15,코스피 200,REMOVE,KR7097230007,097230,한진중공업
2019-06-14,코스피 200,ADD,KR7006390009,006390,한일현대시멘트
2019-06-14,코스피 200,ADD,KR7018250001,018250,애경산업
2019-06-14,코스피 200,ADD,KR7031430002,031430,신세계인터내셔날
2019-06-14,코스피 200,ADD,KR7081660003,081660,휠라코리아
2019-06-14,코스피 200,REMOVE,KR7003300001,003300,한일홀딩스
2019-06-14,코스피 200,REMOVE,KR7033920000,033920,무학
2019-06-14,코스피 200,REMOVE,KR7034120006,034120,SBS
2019-06-14,코스피 200,REMOVE,KR7036580009,036580,팜스코
2020-06-12,코스피 200,ADD,KR7003670007,003670,포스코케미칼
2020-06-12,코스피 200,ADD,KR7007700008,007700,F&F
2020-06-12,코스피 200,ADD,KR7009410002,009410,태영건설
2020-06-12,코스피 200,ADD,KR7011200003,011200,HMM
2020-06-12,코스피 200,ADD,KR7016380008,016380,KG동부제철
2020-06-12,코스피 200,ADD,KR7020560009,020560,아시아나항공
2020-06-12,코스피 200,ADD,KR7032350001,032350,롯데관광개발
2020-06-12,코스피 200,ADD,KR7180640005,180640,한진칼
2020-06-12,코스피 200,ADD,KR7192080000,192080,더블유게임즈
2020-06-12,코스피 200,ADD,KR7241590009,241590,화승엔터프라이즈
2020-06-12,코스피 200,ADD,KR7284740008,284740,쿠쿠홈시스
2020-06-12,코스피 200,REMOVE,KR7001520006,001520,동양
2020-06-12,코스피 200,REMOVE,KR7002960003,002960,한국쉘석유
2020-06-12,코스피 200,REMOVE,KR7003620002,003620,쌍용차
2020-06-12,코스피 200,REMOVE,KR7003920006,003920,남양유업
2020-06-12,코스피 200,REMOVE,KR7005850003,005850,에스엘
2020-06-12,코스피 200,REMOVE,KR7006840003,006840,AK홀딩스
2020-06-12,코스피 200,REMOVE,KR7008060006,008060,대덕
2020-06-12,코스피 200,REMOVE,KR7025540006,025540,한국단자
2020-06-12,코스피 200,REMOVE,KR7079430005,079430,현대리바트
2020-06-12,코스피 200,REMOVE,KR7096760004,096760,JW홀딩스
2020-06-12,코스피 200,REMOVE,KR7298040007,298040,효성중공업
2020-09-11,코스피 200,ADD,KR7326030004,326030,SK바이오팜
2020-09-11,코스피 200,REMOVE,KR7002240000,002240,고려제강
2020-12-11,코스피 200,ADD,KR7003090008,003090,대웅
2020-12-11,코스피 200,ADD,KR7003230000,003230,삼양식품
2020-12-11,코스피 200,ADD,KR7008350001,008350,남선알미늄
2020-12-11,코스피 200,ADD,KR7013890009,013890,지누스
2020-12-11,코스피 200,ADD,KR7019170000,019170,신풍제약
2020-12-11,코스피 200,ADD,KR7039490008,039490,키움증권
2020-12-11,코스피 200,ADD,KR7112610001,112610,씨에스윈드
2020-12-11,코스피 200,ADD,KR7272210006,272210,한화시스템
2020-12-11,코스피 200,ADD,KR7336260005,336260,두산퓨얼셀
2020-12-11,코스피 200,ADD,KR7352820005,352820,빅히트
2020-12-11,코스피 200,REMOVE,KR7000640003,000640,동아쏘시오홀딩스
2020-12-11,코스피 200,REMOVE,KR7001430008,001430,세아베스틸
2020-12-11,코스피 200,REMOVE,KR7002270007,002270,롯데푸드
2020-12-11,코스피 200,REMOVE,KR7014830004,014830,유니드
2020-12-11,코스피 200,REMOVE,KR7019680008,019680,대교
2020-12-11,코스피 200,REMOVE,KR7025860008,025860,남해화학
2020-12-11,코스피 200,REMOVE,KR7027410000,027410,BGF
2020-12-11,코스피 200,REMOVE,KR7060980000,060980,한라홀딩스
2020-12-11,코스피 200,REMOVE,KR7093050003,093050,LF
2020-12-11,코스피 200,REMOVE,KR7170900005,170900,동아에스티
2021-01-26,코스피 200,ADD,KR7375500006,375500,DL이앤씨
2021-05-28,코스피 200,ADD,KR7383800000,383800,LX홀딩스
2021-06-11,코스피 200,ADD,KR7001440007,001440,대한전선
2021-06-11,코스피 200,ADD,KR7006040000,006040,동원산업
2021-06-11,코스피 200,ADD,KR7298020009,298020,효성티앤씨
2021-06-11,코스피 200,ADD,KR7298050006,298050,효성첨단소재
2021-06-11,코스피 200,ADD,KR7302440003,302440,SK바이오사이언스
2021-06-11,코스피 200,ADD,KR7361610009,361610,SK아이이테크놀로지
2021-06-11,코스피 200,REMOVE,KR7005180005,005180,빙그레
2021-06-11,코스피 200,REMOVE,KR7005610001,005610,SPC삼립
2021-06-11,코스피 200,REMOVE,KR7006390009,006390,한일현대시멘트
2021-06-11,코스피 200,REMOVE,KR7008350001,008350,남선알미늄
2021-06-11,코스피 200,REMOVE,KR7009410002,009410,태영건설
2021-06-11,코스피 200,REMOVE,KR7012630000,012630,HDC
2021-06-11,코스피 200,REMOVE,KR7018250001,018250,애경산업
2021-06-11,코스피 200,REMOVE,KR7145990008,145990,삼양사
2021-09-10,코스피 200,ADD,KR7259960003,259960,크래프톤
2021-09-10,코스피 200,ADD,KR7323410001,323410,카카오뱅크
2021-09-10,코스피 200,REMOVE,KR7001060003,001060,JW중외제약
2021-09-10,코스피 200,REMOVE,KR7115390007,115390,락앤락
2021-11-30,코스피 200,ADD,KR7402340004,402340,SK스퀘어
2021-12-10,코스피 200,ADD,KR7005850003,005850,에스엘
2021-12-10,코스피 200,ADD,KR7009900002,009900,명신산업
2021-12-10,코스피 200,ADD,KR7138040001,138040,메리츠금융지주
2021-12-10,코스피 200,ADD,KR7178920005,178920,PI첨단소재
2021-12-10,코스피 200,ADD,KR7329180004,329180,현대중공업
2021-12-10,코스피 200,ADD,KR7377300009,377300,카카오페이
2021-12-10,코스피 200,REMOVE,KR7003230000,003230,삼양식품
2021-12-10,코스피 200,REMOVE,KR7007570005,007570,일양약품
2021-12-10,코스피 200,REMOVE,KR7007700008,007700,F&F홀딩스
2021-12-10,코스피 200,REMOVE,KR7071840003,071840,롯데하이마트
2021-12-10,코스피 200,REMOVE,KR7108670001,108670,LX하우시스
2021-12-10,코스피 200,REMOVE,KR7214320004,214320,이노션
2021-12-10,코스피 200,REMOVE,KR7383800000,383800,LX홀딩스
2022-03-11,코스피 200,ADD,KR7373220003,373220,LG에너지솔루션
2022-03-11,코스피 200,REMOVE,KR7049770001,049770,동원F&B
2022-06-10,코스피 200,ADD,KR7000060004,000060,메리츠화재
2022-06-10,코스피 200,ADD,KR7039130000,039130,하나투어
2022-06-10,코스피 200,ADD,KR7137310009,137310,에스디바이오센서
2022-06-10,코스피 200,ADD,KR7271940009,271940,일진하이솔루스
2022-06-10,코스피 200,ADD,KR7300720000,300720,한일시멘트
2022-06-10,코스피 200,ADD,KR7381970003,381970,케이카
2022-06-10,코스피 200,ADD,KR7383220001,383220,F&F
2022-06-10,코스피 200,REMOVE,KR7002350007,002350,넥센타이어
2022-06-10,코스피 200,REMOVE,KR7003000007,003000,부광약품
2022-06-10,코스피 200,REMOVE,KR7003520004,003520,영진약품
2022-06-10,코스피 200,REMOVE,KR7006120000,006120,SK디스커버리
2022-06-10,코스피 200,REMOVE,KR7064960008,064960,SNT모티브
2022-06-10,코스피 200,REMOVE,KR7079160008,079160,CJ CGV
2022-06-10,코스피 200,REMOVE,KR7192400000,192400,쿠쿠홀딩스
2022-12-09,코스피 200,ADD,KR7280360009,280360,롯데제과
2022-12-09,코스피 200,REMOVE,KR7000070003,000070,삼양홀딩스
2023-01-30,코스피 200,ADD,KR7175330000,175330,JB금융지주
2023-01-30,코스피 200,REMOVE,KR7000060004,000060,메리츠화재
2023-04-03,코스피 200,ADD,KR7139130009,139130,DGB금융지주
2023-04-03,코스피 200,REMOVE,KR7008560005,008560,메리츠증권
2023-04-13,코스피 200,ADD,KR7003230000,003230,삼양식품
2023-04-13,코스피 200,REMOVE,KR7005440003,005440,현대그린푸드
2023-06-09,코스피 200,ADD,KR7001570001,001570,금양
2023-06-09,코스피 200,ADD,KR7005420005,005420,코스모화학
2023-06-09,코스피 200,REMOVE,KR7006040000,006040,동원산업
2023-06-09,코스피 200,REMOVE,KR7241590009,241590,화승엔터프라이즈
2023-06-21,코스피 200,ADD,KR7008730004,008730,율촌화학
2023-06-21,코스피 200,REMOVE,KR7001230002,001230,동국제강
2023-12-15,코스피 200,ADD,KR7001430008,001430,세아베스틸지주
2023-12-15,코스피 200,ADD,KR7002710002,002710,TCC스틸
2023-12-15,코스피 200,ADD,KR7003620002,003620,KG모빌리티
2023-12-15,코스피 200,ADD,KR7006110001,006110,삼아알미늄
2023-12-15,코스피 200,ADD,KR7009970005,009970,영원무역홀딩스
2023-12-15,코스피 200,ADD,KR7145720009,145720,덴티움
2023-12-15,코스피 200,ADD,KR7267260008,267260,HD현대일렉트릭
2023-12-15,코스피 200,ADD,KR7450080007,450080,에코프로머티
2023-12-15,코스피 200,REMOVE,KR7003240009,003240,태광산업
2023-12-15,코스피 200,REMOVE,KR7003850005,003850,보령
2023-12-15,코스피 200,REMOVE,KR7013890009,013890,지누스
2023-12-15,코스피 200,REMOVE,KR7020000006,020000,한섬
2023-12-15,코스피 200,REMOVE,KR7057050007,057050,현대홈쇼핑
2023-12-15,코스피 200,REMOVE,KR7284740008,284740,쿠쿠홈시스
2023-12-15,코스피 200,REMOVE,KR7294870001,294870,HDC현대산업개발
2023-12-15,코스피 200,REMOVE,KR7381970003,381970,케이카
2024-03-15,코스피 200,ADD,KR7022100002,022100,포스코DX
2024-03-15,코스피 200,REMOVE,KR7031430002,031430,신세계인터내셔날
2024-06-14,코스피 200,ADD,KR7003030004,003030,세아제강지주
2024-06-14,코스피 200,ADD,KR7005070008,005070,코스모신소재
2024-06-14,코스피 200,ADD,KR7042700005,042700,한미반도체
2024-06-14,코스피 200,ADD,KR7066970005,066970,엘앤에프
2024-06-14,코스피 200,ADD,KR7454910001,454910,두산로보틱스
2024-06-14,코스피 200,ADD,KR7457190007,457190,이수스페셜티케미컬
2024-06-14,코스피 200,REMOVE,KR7000990002,000990,DB하이텍
2024-06-14,코스피 200,REMOVE,KR7003410008,003410,쌍용C&E
2024-06-14,코스피 200,REMOVE,KR7010780005,010780,아이에스동서
2024-06-14,코스피 200,REMOVE,KR7019170000,019170,신풍제약
2024-06-14,코스피 200,REMOVE,KR7020150009,020150,롯데에너지머티리얼즈
2024-06-14,코스피 200,REMOVE,KR7020560009,020560,아시아나항공
2024-09-30,코스피 200,ADD,KR7489790006,489790,한화인더스트리얼솔루션즈
2024-12-13,코스피 200,ADD,KR7002840007,002840,미원상사
2024-12-13,코스피 200,ADD,KR7278470000,278470,에이피알
2024-12-13,코스피 200,ADD,KR7298040007,298040,효성중공업
2024-12-13,코스피 200,ADD,KR7456040005,456040,OCI
2024-12-13,코스피 200,REMOVE,KR7000670000,000670,영풍
2024-12-13,코스피 200,REMOVE,KR7004800009,004800,효성
2024-12-13,코스피 200,REMOVE,KR7009900002,009900,명신산업
2024-12-13,코스피 200,REMOVE,KR7016380008,016380,KG스틸
2024-12-13,코스피 200,REMOVE,KR7032350001,032350,롯데관광개발
2025-03-10,코스피 200,ADD,KR7003240009,003240,태광산업
2025-03-10,코스피 200,REMOVE,KR7001570001,001570,금양
2025-06-13,코스피 200,ADD,KR7000670000,000670,영풍
2025-06-13,코스피 200,ADD,KR7006040000,006040,동원산업
2025-06-13,코스피 200,ADD,KR7007340003,007340,DN오토모티브
2025-06-13,코스피 200,ADD,KR7012630000,012630,HDC
2025-06-13,코스피 200,ADD,KR7017960006,017960,한국카본
2025-06-13,코스피 200,ADD,KR7071320006,071320,지역난방공사
2025-06-13,코스피 200,ADD,KR7268280005,268280,미원에스씨
2025-06-13,코스피 200,ADD,KR7443060009,443060,HD현대마린솔루션
2025-06-13,코스피 200,REMOVE,KR7001120005,001120,LX인터내셔널
2025-06-13,코스피 200,REMOVE,KR7001740000,001740,SK네트웍스
2025-06-13,코스피 200,REMOVE,KR7005070008,005070,코스모신소재
2025-06-13,코스피 200,REMOVE,KR7006110001,006110,삼아알미늄
2025-06-13,코스피 200,REMOVE,KR7105630008,105630,한세실업
2025-06-13,코스피 200,REMOVE,KR7178920005,178920,PI첨단소재
2025-06-13,코스피 200,REMOVE,KR7271940009,271940,일진하이솔루스
2025-06-13,코스피 200,REMOVE,KR7336260005,336260,두산퓨얼셀
2025-11-25,코스피 200,ADD,KR70126Z0002,0126Z0,삼성에피스홀딩스
2025-11-27,코스피 200,REMOVE,KR7010620003,010620,HD현대미포
2025-12-12,코스피 200,ADD,KR7002030005,002030,아세아
2025-12-12,코스피 200,ADD,KR7007660004,007660,이수페타시스
2025-12-12,코스피 200,ADD,KR7034230003,034230,파라다이스
2025-12-12,코스피 200,ADD,KR7062040001,062040,산일전기
2025-12-12,코스피 200,ADD,KR7064400005,064400,LG씨엔에스
2025-12-12,코스피 200,ADD,KR7082740002,082740,한화엔진
2025-12-12,코스피 200,ADD,KR7307950006,307950,현대오토에버
2025-12-12,코스피 200,REMOVE,KR7002710002,002710,TCC스틸
2025-12-12,코스피 200,REMOVE,KR7003620002,003620,KG모빌리티
2025-12-12,코스피 200,REMOVE,KR7012630000,012630,HDC
2025-12-12,코스피 200,REMOVE,KR7039130000,039130,하나투어
2025-12-12,코스피 200,REMOVE,KR7145720009,145720,덴티움
2025-12-12,코스피 200,REMOVE,KR7456040005,456040,OCI
2025-12-12,코스피 200,REMOVE,KR7489790006,489790,한화비전
2025-12-29,코스피 200,ADD,KR7071970008,071970,HD현대마린엔진
2025-12-29,코스피 200,REMOVE,KR7042670000,042670,HD현대인프라코어
